y,x1,x2,x3,x4
4,1,0,85 ,15 
6,0,0,85 ,10 
2,0,1,87 ,16 
11,1,0,77 ,13 
3,1,0,83 ,21 
2,0,0,71 ,14 
0,0,0,74 ,20 
5,1,0,79 ,20 
4,0,1,79 ,13 
5,0,0,73 ,14 
2,1,0,78 ,14 
3,0,1,81 ,22 
3,0,1,90 ,20 
1,0,0,92 ,17 
6,1,0,76 ,17 
5,1,0,75 ,18 
3,0,1,86 ,7 
9,0,0,71 ,17 
2,0,0,77 ,20 
0,0,0,76 ,14 
9,1,0,89 ,16 
1,1,0,81 ,24 
4,0,1,87 ,6 
4,1,0,91 ,18 
2,0,0,88 ,23 
5,1,0,78 ,18 
9,1,0,68 ,15 
7,0,0,79 ,18 
5,1,0,78 ,15 
8,1,0,74 ,10 
4,1,0,89 ,26 
9,1,0,89 ,21 
1,0,0,73 ,8 
5,0,0,78 ,19 
4,1,0,69 ,15 
9,0,1,89 ,14 
5,0,0,70 ,16 
1,0,1,86 ,20 
15,0,1,79 ,19 
5,0,0,92 ,15 
5,1,0,92 ,15 
2,1,0,76 ,14 
0,0,1,76 ,15 
9,1,0,83 ,23 
6,0,0,89 ,12 
7,0,1,75 ,22 
20,0,0,72 ,14 
5,0,0,77 ,19 
5,1,0,83 ,8 
0,0,0,76 ,9 
5,0,1,69 ,12 
4,0,1,85 ,11 
13,1,0,89 ,16 
18,1,0,73 ,19 
12,0,0,80 ,23 
11,0,0,80 ,22 
5,0,1,70 ,5 
6,0,0,68 ,16 
6,0,0,77 ,14 
6,0,0,80 ,12 
10,0,0,76 ,10 
5,0,0,77 ,17 
3,1,0,75 ,21 
8,1,0,71 ,18 
0,0,1,66 ,10 
3,1,0,75 ,11 
8,0,0,77 ,12 
0,0,0,74 ,20 
3,1,0,81 ,20 
8,1,0,82 ,19 
5,1,0,78 ,16 
2,1,0,82 ,19 
8,0,1,72 ,4 
10,0,0,89 ,23 
22,1,0,77 ,19 
3,1,0,86 ,23 
6,1,0,84 ,16 
5,1,0,77 ,22 
7,0,1,74 ,11 
12,1,0,68 ,20 
4,0,0,83 ,8 
10,0,0,70 ,5 
4,0,1,78 ,8 
11,1,0,71 ,18 
0,0,0,94 ,15 
1,0,0,90 ,7 
2,0,0,69 ,14 
0,0,0,91 ,20 
15,1,0,76 ,16 
9,1,0,75 ,21 
6,0,1,76 ,19 
5,1,0,74 ,12 
0,1,0,78 ,19 
9,0,0,74 ,20 
2,1,0,74 ,18 
11,0,1,90 ,22 
6,1,0,74 ,26 
17,0,1,74 ,9 
13,1,0,94 ,23 
3,1,0,88 ,15 
14,0,0,94 ,26 
144,0,1,71 ,16 
2,0,1,92 ,17 
2,0,1,85 ,10 
3,1,0,69 ,15 
3,1,0,73 ,18 
6,0,1,83 ,7 
3,0,1,76 ,8 
8,0,0,86 ,13 
4,0,0,85 ,19 
2,1,0,89 ,17 
15,0,1,85 ,19 
6,0,0,83 ,20 
10,1,0,79 ,18 
2,0,0,82 ,25 
5,0,1,86 ,7 
1,1,0,78 ,21 
2,1,0,76 ,22 
1,1,0,83 ,25 
2,1,0,88 ,21 
7,0,1,73 ,11 
2,1,0,78 ,19 
10,1,0,73 ,19 
8,0,0,86 ,11 
1,1,0,71 ,17 
20,1,0,75 ,7 
0,0,0,72 ,15 
0,0,0,78 ,19 
5,1,0,83 ,19 
5,1,0,82 ,19 
3,0,1,90 ,19 
6,0,0,88 ,21 
13,0,0,88 ,24 
10,0,0,82 ,21 
3,1,0,75 ,12 
23,1,0,68 ,14 
39,1,0,79 ,19 
1,0,0,77 ,14 
1,0,0,83 ,17 
18,0,0,80 ,21 
11,0,0,83 ,20 
2,0,1,86 ,13 
9,0,0,85 ,12 
21,1,0,80 ,23 
3,1,0,77 ,20 
0,0,1,75 ,11 
2,0,0,67 ,2 
4,0,0,83 ,5 
18,1,0,87 ,11 
3,0,0,75 ,19 
12,0,0,69 ,14 
10,1,0,74 ,19 
2,1,0,77 ,19 
3,1,0,80 ,17 
2,1,0,75 ,23 
6,1,0,73 ,9 
7,0,0,92 ,19 
5,1,0,92 ,19 
2,1,0,77 ,25 
13,1,0,68 ,15 
3,0,1,91 ,18 
14,0,1,85 ,4 
1,0,1,75 ,9 
15,1,0,74 ,17 
2,1,0,77 ,14 
2,1,0,79 ,18 
0,1,0,75 ,23 
0,1,0,77 ,21 
18,1,0,82 ,21 
11,1,0,86 ,19 
2,1,0,82 ,14 
15,0,1,88 ,6 
24,0,1,84 ,8 
13,1,0,75 ,13 
2,1,0,80 ,10 
18,1,0,77 ,27 
9,1,0,68 ,18 
0,1,0,74 ,20 
3,1,0,67 ,15 
2,0,0,93 ,18 
8,1,0,81 ,16 
4,1,0,72 ,19 
0,1,0,89 ,14 
6,1,0,75 ,10 
4,1,0,80 ,18 
4,1,0,79 ,17 
10,1,0,80 ,20 
11,1,0,87 ,19 
7,1,0,86 ,18 
27,1,0,75 ,23 
7,1,0,81 ,25 
11,0,0,80 ,20 
3,0,0,87 ,21 
8,0,0,91 ,24 
2,1,0,88 ,20 
13,0,1,86 ,17 
6,0,1,86 ,15 
35,1,0,85 ,16 
5,1,0,84 ,15 
7,1,0,79 ,10 
18,0,1,80 ,19 
5,1,0,76 ,25 
1,1,0,90 ,15 
1,0,0,88 ,19 
10,0,0,80 ,17 
2,1,0,71 ,18 
9,1,0,77 ,22 
0,0,0,94 ,26 
1,1,0,89 ,18 
13,1,0,86 ,11 
19,1,0,93 ,23 
10,1,0,78 ,17 
14,0,0,83 ,17 
8,1,0,80 ,20 
2,0,1,82 ,9 
6,0,0,77 ,7 
11,0,0,74 ,8 
5,0,0,77 ,8 
4,0,0,90 ,17 
2,0,0,76 ,21 
3,0,0,83 ,20 
14,0,1,78 ,4 
0,0,0,82 ,20 
6,0,0,86 ,5 
3,0,0,81 ,18 
1,0,0,86 ,19 
6,1,0,74 ,23 
5,1,0,70 ,19 
13,0,0,85 ,26 
10,1,0,68 ,14 
17,1,0,68 ,15 
0,1,0,93 ,20 
9,1,0,87 ,16 
6,1,0,89 ,18 
15,0,0,80 ,17 
8,1,0,65 ,5 
15,1,0,83 ,14 
0,0,0,68 ,5 
3,0,1,71 ,14 
12,0,1,89 ,14 
17,0,1,75 ,13 
6,0,0,90 ,9 
7,0,1,72 ,21 
3,1,0,82 ,22 
4,1,0,75 ,20 
2,1,0,85 ,25 
2,1,0,83 ,23 
11,0,1,77 ,9 
38,0,0,76 ,25 
3,0,0,82 ,14 
15,1,0,84 ,15 
1,1,0,88 ,11 
13,1,0,82 ,21 
16,1,0,78 ,18 
2,0,0,91 ,20 
2,0,0,78 ,14 
15,1,0,74 ,16 
3,1,0,82 ,27 
3,1,0,74 ,21 
20,1,0,72 ,12 
6,0,0,83 ,16 
12,1,0,83 ,22 
8,0,0,74 ,13 
0,0,0,69 ,13 
3,1,0,70 ,13 
5,1,0,77 ,15 
9,1,0,79 ,12 
3,1,0,79 ,15 
1,0,1,78 ,17 
13,1,0,87 ,21 
0,0,0,82 ,13 
5,1,0,79 ,12 
0,0,1,71 ,12 
14,1,0,83 ,8 
1,0,0,89 ,18 
0,0,0,69 ,11 
4,0,0,69 ,18 
5,0,1,72 ,19 
3,0,0,94 ,18 
11,0,0,80 ,25 
3,0,0,91 ,20 
0,0,0,91 ,17 
3,0,0,82 ,14 
1,0,1,81 ,17 
11,1,0,89 ,6 
14,1,0,84 ,9 
3,1,1,83 ,20 
24,1,1,79 ,16 
10,1,0,78 ,16 
15,1,0,81 ,20 
3,0,0,90 ,19 
0,0,0,72 ,15 
6,0,0,88 ,9 
8,1,0,76 ,19 
18,1,0,74 ,19 
18,0,0,86 ,17 
14,0,0,70 ,17 
2,0,0,73 ,17 
5,0,0,73 ,16 
15,0,1,90 ,10 
11,0,1,80 ,3 
6,0,1,75 ,19 
6,0,0,68 ,6 
4,0,0,69 ,8 
3,1,0,75 ,13 
0,0,0,88 ,21 
4,1,0,77 ,17 
16,1,0,72 ,16 
17,0,0,82 ,12 
6,1,0,81 ,15 
2,0,1,77 ,12 
2,0,0,73 ,16 
11,0,0,93 ,21 
11,1,0,75 ,19 
13,0,1,79 ,16 
18,1,0,86 ,16 
7,1,0,74 ,16 
9,0,0,89 ,21 
9,0,1,68 ,1 
2,0,1,82 ,12 
0,0,0,73 ,14 
1,0,1,86 ,22 
2,0,1,84 ,4 
0,0,1,75 ,6 
33,1,0,87 ,19 
27,0,0,90 ,17 
12,0,0,93 ,25 
1,1,0,72 ,17 
0,1,0,87 ,11 
32,1,0,77 ,16 
38,1,0,71 ,16 
32,0,1,90 ,20 
27,0,1,87 ,20 
5,1,0,83 ,21 
7,0,0,71 ,14 
16,1,0,92 ,22 
2,1,0,80 ,19 
7,1,0,80 ,25 
18,1,0,80 ,19 
7,1,0,73 ,17 
10,1,1,79 ,16 
3,0,0,87 ,23 
2,0,0,81 ,19 
4,1,0,82 ,15 
4,0,0,92 ,19 
0,1,0,69 ,21 
4,0,0,89 ,20 
7,0,1,75 ,8 
5,0,1,72 ,5 
4,1,0,72 ,19 
3,1,0,75 ,21 
3,0,0,80 ,17 
0,0,0,78 ,21 
0,1,0,85 ,11 
5,1,0,76 ,11 
9,1,0,81 ,15 
2,0,0,80 ,18 
4,1,0,84 ,22 
11,0,0,91 ,21 
1,1,0,78 ,20 
8,1,0,79 ,18 
1,0,0,84 ,20 
6,1,0,76 ,15 
3,0,0,87 ,24 
16,0,0,84 ,22 
3,1,0,76 ,19 
2,0,0,87 ,14 
11,0,0,91 ,18 
4,0,0,86 ,11 
5,1,0,88 ,13 
11,1,0,73 ,13 
3,1,0,69 ,14 
15,1,0,79 ,18 
7,1,0,81 ,16 
4,1,0,75 ,13 
7,1,0,70 ,14 
16,1,0,67 ,12 
9,1,0,91 ,22 
3,1,0,73 ,21 
4,1,0,70 ,15 
8,0,0,78 ,21 
0,1,0,73 ,11 
11,1,0,69 ,14 
0,0,1,79 ,18 
15,1,0,88 ,20 
48,0,0,73 ,17 
7,0,0,78 ,17 
13,0,0,80 ,9 
0,0,0,77 ,17 
59,0,0,71 ,12 
2,0,1,65 ,0 
5,1,0,69 ,20 
3,1,0,72 ,15 
2,1,0,68 ,19 
5,1,0,77 ,21 
14,1,0,82 ,23 
7,0,1,74 ,16 
12,0,1,74 ,8 
1,0,0,77 ,15 
4,0,0,86 ,24 
6,0,0,77 ,15 
7,1,0,80 ,6 
0,0,0,73 ,14 
20,1,0,71 ,17 
1,1,1,79 ,17 
4,1,0,71 ,22 
8,1,0,83 ,21 
4,1,0,92 ,19 
9,0,1,73 ,8 
3,1,0,80 ,22 
15,1,0,66 ,14 
13,0,1,77 ,21 
12,1,0,77 ,18 
3,0,0,73 ,18 
3,1,0,73 ,9 
4,0,0,78 ,18 
3,0,0,74 ,13 
7,0,1,81 ,24 
7,0,0,84 ,16 
0,0,0,77 ,18 
6,0,0,85 ,6 
6,1,0,76 ,21 
7,1,0,78 ,26 
3,0,0,76 ,11 
1,1,0,74 ,18 
0,1,0,76 ,20 
3,0,1,90 ,11 
10,1,0,88 ,17 
4,1,0,78 ,8 
1,0,0,77 ,15 
2,0,0,82 ,20 
2,0,0,72 ,13 
8,0,0,81 ,17 
5,0,0,83 ,16 
5,0,0,73 ,16 
0,0,0,83 ,13 
1,1,0,84 ,21 
3,1,0,68 ,15 
4,0,0,79 ,11 
4,0,1,84 ,12 
8,0,1,76 ,15 
2,1,0,83 ,20 
9,1,0,80 ,15 
5,1,0,76 ,26 
11,1,0,75 ,23 
23,0,0,87 ,16 
15,0,0,91 ,18 
17,1,0,65 ,12 
0,0,0,87 ,14 
9,0,0,85 ,15 
21,1,0,79 ,21 
4,0,0,79 ,21 
8,0,0,81 ,9 
5,1,0,86 ,18 
4,0,0,80 ,13 
3,0,1,89 ,4 
0,0,0,77 ,11 
24,1,0,85 ,21 
9,1,0,77 ,17 
29,1,0,85 ,20 
13,1,0,89 ,20 
2,1,0,83 ,10 
9,1,0,90 ,17 
9,0,0,80 ,9 
0,0,0,81 ,21 
2,0,0,87 ,12 
1,1,0,85 ,21 
2,1,0,79 ,19 
1,1,0,76 ,12 
3,0,0,82 ,19 
0,1,0,67 ,12 
10,0,1,74 ,13 
15,0,0,84 ,14 
2,0,0,93 ,24 
8,1,0,86 ,13 
1,1,0,82 ,22 
1,1,0,76 ,26 
7,0,0,71 ,15 
11,0,0,76 ,6 
2,0,1,88 ,10 
3,0,0,86 ,16 
4,0,0,74 ,21 
18,1,0,72 ,15 
3,1,0,78 ,15 
4,1,0,74 ,19 
8,1,0,76 ,24 
18,0,1,73 ,14 
3,1,0,72 ,19 
2,0,1,74 ,21 
9,0,1,76 ,16 
3,1,0,87 ,19 
0,0,0,76 ,19 
8,1,0,80 ,11 
2,0,0,73 ,14 
8,0,0,77 ,22 
1,0,0,71 ,13 
73,0,0,77 ,16 
4,0,1,76 ,8 
6,1,0,88 ,21 
28,0,0,91 ,22 
6,1,0,92 ,23 
0,0,0,73 ,17 
0,0,0,70 ,6 
6,1,0,85 ,25 
3,1,0,87 ,25 
14,0,0,86 ,5 
5,1,0,71 ,13 
10,1,0,87 ,15 
1,0,1,76 ,16 
2,1,0,85 ,14 
0,0,0,75 ,16 
7,0,0,74 ,16 
6,0,0,73 ,16 
12,0,0,83 ,15 
2,0,1,72 ,17 
6,1,0,80 ,16 
0,1,0,85 ,17 
5,0,0,84 ,14 
20,0,1,78 ,1 
3,1,0,79 ,15 
9,1,0,87 ,16 
21,1,0,86 ,16 
2,1,1,85 ,18 
0,0,1,87 ,9 
17,0,1,80 ,15 
3,1,0,75 ,11 
1,1,0,71 ,11 
12,1,0,84 ,23 
2,1,0,76 ,15 
1,0,0,79 ,18 
3,0,0,78 ,16 
6,1,0,91 ,11 
2,0,0,82 ,26 
2,0,0,88 ,20 
4,0,0,81 ,13 
0,0,0,76 ,15 
11,1,0,67 ,12 
6,0,0,76 ,20 
1,1,0,85 ,17 
3,0,0,74 ,15 
9,0,0,76 ,18 
3,1,0,86 ,20 
8,1,0,83 ,22 
0,1,0,71 ,19 
2,0,0,84 ,17 
3,0,0,86 ,21 
6,0,1,70 ,9 
19,0,0,79 ,18 
2,1,0,77 ,20 
18,1,0,89 ,15 
4,0,0,75 ,23 
4,0,0,75 ,21 
4,1,0,91 ,19 
3,0,1,81 ,10 
3,1,0,78 ,18 
1,1,0,88 ,10 
3,0,1,80 ,8 
7,0,1,72 ,4 
14,1,0,80 ,20 
22,0,0,71 ,9 
16,1,0,73 ,21 
7,1,0,73 ,17 
11,0,1,86 ,20 
2,0,0,92 ,9 
0,0,0,89 ,7 
5,1,0,78 ,17 
5,0,0,73 ,14 
0,0,0,77 ,23 
19,0,0,73 ,21 
9,1,0,88 ,16 
2,1,0,93 ,18 
26,1,0,84 ,22 
7,1,1,85 ,15 
12,1,0,82 ,18 
2,1,0,70 ,15 
0,1,0,72 ,22 
8,1,0,78 ,15 
12,0,0,68 ,12 
2,1,0,73 ,23 
0,0,0,90 ,17 
3,0,0,88 ,20 
3,0,0,79 ,16 
23,0,1,82 ,8 
14,0,1,77 ,9 
0,0,0,72 ,15 
1,0,0,90 ,14 
3,0,0,81 ,20 
7,1,0,71 ,18 
3,1,0,68 ,14 
2,0,1,74 ,20 
13,0,0,84 ,19 
3,1,0,72 ,20 
3,1,0,73 ,5 
7,0,1,85 ,16 
19,0,0,89 ,12 
14,0,1,85 ,8 
5,1,0,78 ,17 
3,1,0,81 ,20 
7,1,0,91 ,16 
7,1,0,78 ,21 
11,1,0,73 ,21 
6,1,0,86 ,19 
9,0,0,68 ,12 
4,0,0,79 ,20 
21,1,0,77 ,23 
5,1,0,74 ,17 
0,0,0,86 ,17 
10,1,0,92 ,19 
0,0,0,87 ,11 
2,0,1,72 ,18 
16,1,0,86 ,18 
9,0,1,86 ,4 
6,0,1,80 ,1 
8,0,1,84 ,10 
16,0,1,72 ,10 
15,0,0,90 ,24 
8,0,0,88 ,24 
11,1,0,82 ,22 
7,0,0,89 ,11 
7,0,0,81 ,20 
4,1,0,85 ,18 
4,0,0,85 ,19 
11,0,0,70 ,17 
9,1,0,72 ,21 
19,1,0,75 ,21 
5,0,1,74 ,17 
19,0,0,74 ,9 
1,0,0,76 ,5 
2,1,0,77 ,13 
10,0,0,80 ,25 
5,0,0,76 ,18 
6,0,0,83 ,20 
2,0,0,70 ,12 
8,0,0,76 ,11 
9,1,0,95 ,15 
3,1,0,88 ,11 
30,0,1,72 ,8 
16,1,0,72 ,18 
10,1,0,75 ,23 
9,1,0,73 ,11 
4,0,0,84 ,14 
0,0,0,76 ,7 
0,0,0,68 ,4 
5,1,0,72 ,14 
12,0,1,86 ,17 
1,1,0,77 ,25 
12,1,0,76 ,16 
9,0,0,91 ,21 
7,0,0,87 ,14 
0,0,1,88 ,12 
11,0,0,79 ,20 
12,0,0,83 ,15 
0,0,0,82 ,22 
8,1,0,83 ,18 
14,1,0,79 ,18 
21,1,0,81 ,17 
15,1,0,87 ,17 
8,1,0,88 ,17 
22,0,1,74 ,17 
5,0,1,74 ,19 
1,1,0,83 ,21 
2,1,0,73 ,15 
3,1,1,80 ,11 
19,0,1,72 ,18 
1,0,0,81 ,22 
3,0,0,75 ,21 
4,0,0,80 ,19 
0,0,0,76 ,19 
1,1,0,72 ,21 
6,0,0,78 ,5 
3,0,0,74 ,18 
4,0,0,90 ,22 
0,0,0,76 ,17 
17,1,0,67 ,14 
2,1,0,84 ,14 
13,1,0,94 ,14 
1,0,1,78 ,6 
13,0,1,91 ,16 
2,0,0,82 ,20 
12,1,0,67 ,15 
13,1,0,74 ,16 
0,0,1,77 ,15 
11,0,1,84 ,20 
3,1,0,92 ,19 
5,0,0,90 ,19 
4,0,0,94 ,23 
9,1,0,91 ,22 
3,1,0,78 ,26 
3,0,0,90 ,19 
8,0,1,86 ,9 
1,0,1,78 ,11 
14,1,0,79 ,11 
3,1,0,93 ,21 
8,1,0,85 ,22 
2,0,0,79 ,19 
2,1,0,78 ,20 
7,0,1,85 ,16 
1,0,0,74 ,7 
3,1,0,81 ,20 
9,1,0,69 ,17 
5,1,0,77 ,13 
11,1,0,81 ,14 
1,0,0,87 ,19 
1,0,0,74 ,10 
9,0,1,69 ,13 
1,0,0,72 ,8 
8,1,0,76 ,18 
5,1,0,82 ,15 
3,1,0,75 ,15 
22,1,0,73 ,15 
15,0,1,75 ,20 
3,1,0,88 ,18 
3,1,0,90 ,15 
0,0,0,90 ,19 
14,0,0,73 ,8 
16,0,0,74 ,11 
2,0,1,93 ,17 
13,1,0,70 ,17 
11,1,0,70 ,15 
11,0,0,86 ,18 
0,1,0,70 ,22 
4,1,0,79 ,19 
5,1,0,79 ,19 
23,0,0,78 ,10 
25,1,0,79 ,11 
19,1,0,83 ,7 
19,0,0,91 ,24 
4,0,0,92 ,19 
14,0,0,80 ,17 
5,0,0,78 ,14 
11,1,0,91 ,15 
5,1,0,75 ,13 
1,1,0,81 ,17 
8,1,0,82 ,18 
4,1,0,80 ,17 
0,0,0,74 ,13 
0,1,0,78 ,25 
0,1,0,77 ,22 
10,1,0,77 ,19 
12,1,0,81 ,16 
1,1,0,70 ,18 
4,1,0,72 ,15 
23,0,1,78 ,17 
3,1,0,72 ,19 
10,0,0,95 ,21 
7,0,1,67 ,14 
15,0,1,75 ,19 
1,1,0,76 ,16 
5,1,0,82 ,19 
0,1,0,89 ,17 
0,1,0,73 ,24 
3,1,0,67 ,13 
2,1,0,66 ,2 
5,1,0,86 ,17 
1,0,1,77 ,18 
14,0,1,66 ,10 
0,0,0,77 ,11 
1,1,0,85 ,16 
6,1,0,84 ,19 
0,1,0,74 ,20 
0,1,0,71 ,9 
6,0,1,65 ,12 
5,1,0,76 ,21 
14,1,1,86 ,18 
4,1,0,86 ,19 
15,1,1,70 ,14 
6,0,0,91 ,20 
0,0,0,77 ,22 
14,0,0,70 ,16 
5,0,1,68 ,13 
11,0,1,86 ,20 
3,0,0,92 ,23 
4,0,0,86 ,14 
13,0,0,80 ,18 
2,1,0,70 ,14 
2,1,0,71 ,16 
1,0,0,83 ,13 
0,0,0,66 ,12 
6,0,1,69 ,13 
14,1,0,78 ,16 
16,1,0,80 ,22 
2,1,0,95 ,19 
4,0,0,72 ,17 
0,0,0,79 ,21 
10,0,0,76 ,16 
12,0,0,72 ,14 
3,0,0,85 ,18 
4,0,0,83 ,14 
8,1,0,81 ,13 
5,1,0,74 ,18 
6,1,0,75 ,20 
1,0,1,72 ,8 
2,1,0,91 ,14 
3,1,0,80 ,12 
6,1,0,68 ,12 
5,1,0,73 ,14 
17,1,0,75 ,24 
6,1,0,75 ,22 
3,1,0,94 ,21 
1,0,1,87 ,12 
15,1,0,79 ,8 
16,1,0,72 ,13 
4,1,0,77 ,25 
7,1,0,70 ,17 
35,0,0,77 ,20 
7,0,1,69 ,18 
5,1,0,80 ,20 
0,0,0,91 ,16 
12,1,0,80 ,26 
4,0,1,67 ,14 
16,1,0,70 ,13 
6,1,0,71 ,12 
5,1,0,93 ,20 
12,0,1,77 ,14 
7,0,0,74 ,13 
7,0,0,79 ,21 
2,0,0,88 ,23 
2,0,0,85 ,17 
13,0,0,83 ,12 
19,1,0,68 ,11 
14,1,0,77 ,16 
4,1,0,87 ,10 
11,0,0,77 ,23 
0,0,0,75 ,17 
5,1,0,75 ,15 
3,0,0,72 ,16 
2,1,0,67 ,15 
2,1,0,79 ,16 
8,0,0,91 ,17 
6,1,0,73 ,19 
8,0,0,80 ,12 
2,0,1,76 ,10 
11,0,1,84 ,6 
7,0,0,84 ,19 
10,1,0,71 ,19 
17,1,0,68 ,14 
0,1,0,82 ,20 
12,1,0,88 ,20 
1,1,0,65 ,12 
4,1,0,92 ,20 
0,0,0,79 ,20 
17,0,0,79 ,17 
27,1,0,75 ,18 
20,0,0,75 ,17 
33,0,0,76 ,17 
24,1,0,76 ,19 
1,1,0,75 ,17 
10,1,0,71 ,15 
9,1,0,72 ,17 
3,0,0,69 ,14 
0,0,1,78 ,13 
27,1,0,73 ,16 
7,1,0,73 ,16 
11,0,1,88 ,21 
14,1,0,79 ,11 
3,1,0,70 ,22 
8,1,0,85 ,23 
9,0,0,90 ,15 
5,0,1,85 ,20 
9,1,0,75 ,10 
6,1,0,77 ,12 
4,1,0,77 ,16 
11,0,1,91 ,20 
5,0,1,78 ,21 
1,1,0,85 ,19 
3,0,0,89 ,11 
6,1,0,83 ,13 
3,0,1,79 ,13 
2,1,0,80 ,16 
13,0,0,79 ,9 
17,0,0,68 ,4 
12,0,1,70 ,7 
22,1,0,91 ,19 
5,1,0,90 ,17 
5,1,0,85 ,8 
0,0,0,75 ,9 
1,0,0,73 ,14 
7,0,0,80 ,16 
8,1,0,85 ,19 
8,1,0,78 ,24 
18,1,0,84 ,18 
8,1,0,71 ,22 
3,0,1,67 ,13 
11,0,1,82 ,13 
0,0,1,83 ,18 
32,0,1,86 ,18 
11,0,0,74 ,19 
14,0,0,80 ,24 
0,0,0,94 ,21 
6,1,0,79 ,18 
5,1,0,71 ,16 
4,1,0,74 ,20 
4,0,1,83 ,12 
3,0,1,78 ,9 
9,1,0,87 ,18 
13,1,0,87 ,20 
26,0,0,73 ,19 
4,0,0,87 ,7 
5,1,0,94 ,22 
11,1,0,92 ,17 
8,0,0,89 ,20 
24,0,1,80 ,16 
0,1,0,73 ,15 
15,0,0,68 ,14 
7,0,1,77 ,11 
8,0,0,89 ,22 
13,1,0,92 ,21 
19,0,1,87 ,12 
3,1,0,73 ,18 
12,1,0,69 ,13 
6,1,0,73 ,16 
0,1,0,72 ,18 
13,1,0,93 ,20 
5,1,0,89 ,20 
17,1,0,94 ,21 
3,0,0,90 ,17 
4,0,0,85 ,13 
3,1,0,73 ,17 
1,0,0,77 ,12 
10,1,0,81 ,15 
1,1,0,82 ,20 
12,0,1,88 ,7 
7,0,0,85 ,15 
0,0,0,81 ,16 
4,1,0,75 ,23 
8,0,0,73 ,15 
9,1,0,88 ,18 
6,1,0,92 ,23 
2,0,1,79 ,8 
5,0,1,73 ,9 
4,0,1,77 ,14 
12,1,0,74 ,16 
4,1,0,88 ,20 
0,1,0,72 ,18 
0,1,0,77 ,19 
8,0,1,76 ,12 
4,0,1,78 ,19 
2,1,0,75 ,17 
0,1,0,72 ,17 
5,0,1,82 ,11 
13,0,1,83 ,12 
22,0,1,68 ,8 
0,0,0,93 ,18 
11,0,1,90 ,12 
5,0,1,76 ,11 
8,0,1,86 ,21 
14,0,1,88 ,16 
12,1,0,90 ,17 
3,0,0,89 ,19 
7,0,0,80 ,13 
15,0,0,81 ,14 
3,1,0,68 ,15 
0,0,0,70 ,14 
32,0,0,79 ,20 
8,0,1,84 ,12 
2,1,0,73 ,15 
0,1,0,82 ,14 
19,0,0,75 ,20 
4,0,0,85 ,23 
9,0,0,81 ,18 
5,1,0,84 ,16 
0,0,0,75 ,15 
10,1,0,79 ,20 
15,0,1,82 ,25 
11,0,0,75 ,15 
7,0,0,81 ,11 
11,0,0,81 ,14 
1,0,1,76 ,17 
2,0,0,72 ,11 
12,0,1,69 ,15 
3,1,0,88 ,15 
1,0,0,78 ,23 
0,0,0,87 ,20 
2,0,0,84 ,14 
5,0,0,82 ,11 
0,0,1,93 ,16 
2,1,0,68 ,11 
4,1,0,67 ,13 
4,0,1,76 ,4 
1,0,1,76 ,13 
6,0,0,92 ,20 
8,1,0,84 ,26 
5,1,0,76 ,20 
3,0,1,88 ,19 
6,0,0,87 ,20 
0,0,1,67 ,13 
24,0,0,79 ,17 
12,0,0,84 ,21 
0,0,1,80 ,7 
1,0,0,91 ,19 
1,0,0,75 ,12 
16,0,0,83 ,14 
19,1,0,86 ,8 
13,1,0,89 ,17 
11,1,0,69 ,11 
6,0,0,69 ,15 
0,1,0,77 ,22 
2,1,0,73 ,19 
6,0,0,88 ,11 
1,0,0,79 ,11 
10,0,1,74 ,9 
1,0,0,86 ,15 
6,1,0,88 ,19 
4,1,0,71 ,14 
5,1,0,91 ,24 
0,1,0,69 ,15 
3,1,0,79 ,10 
4,1,0,80 ,18 
3,0,0,87 ,26 
9,1,0,80 ,22 
5,0,0,89 ,12 
11,0,1,78 ,16 
8,1,0,71 ,17 
12,1,0,78 ,19 
18,0,0,78 ,17 
8,1,0,94 ,21 
26,1,0,88 ,24 
0,1,0,74 ,17 
10,0,1,81 ,5 
5,1,0,87 ,17 
3,1,1,90 ,19 
5,0,1,78 ,21 
22,1,0,75 ,18 
3,1,0,69 ,13 
13,0,0,85 ,9 
3,1,0,85 ,19 
11,1,0,80 ,22 
3,1,0,88 ,14 
5,1,0,81 ,12 
0,0,0,77 ,14 
0,0,0,73 ,13 
2,0,0,72 ,14 
4,1,0,65 ,12 
6,0,0,72 ,2 
12,0,0,85 ,10 
6,0,0,72 ,20 
8,1,0,72 ,17 
7,0,0,75 ,19 
8,1,0,79 ,17 
13,1,0,81 ,17 
0,1,0,85 ,22 
4,1,0,82 ,18 
5,1,0,87 ,10 
5,1,1,85 ,26 
11,0,1,67 ,9 
2,1,0,71 ,13 
12,0,0,84 ,17 
14,0,0,85 ,17 
2,0,0,85 ,11 
3,0,0,75 ,19 
2,0,0,73 ,14 
4,0,0,71 ,15 
5,0,0,72 ,19 
0,1,0,93 ,17 
0,1,0,85 ,22 
0,1,0,80 ,15 
0,1,0,87 ,14 
5,1,1,86 ,12 
17,0,1,75 ,12 
10,1,0,75 ,11 
0,0,1,80 ,9 
11,1,0,74 ,24 
0,0,0,75 ,13 
4,0,0,93 ,22 
10,0,1,86 ,5 
5,1,0,90 ,20 
0,0,0,84 ,15 
16,1,0,77 ,26 
9,1,0,76 ,17 
16,0,1,75 ,20 
10,1,0,73 ,14 
0,0,0,90 ,23 
7,0,1,74 ,12 
8,1,0,93 ,11 
4,0,1,73 ,13 
6,0,0,74 ,23 
4,0,0,75 ,24 
4,1,0,87 ,25 
4,1,0,80 ,22 
2,1,0,74 ,26 
8,1,0,91 ,17 
16,1,0,83 ,19 
8,0,1,89 ,18 
1,0,0,70 ,15 
7,1,0,78 ,12 
26,1,0,76 ,15 
17,1,0,79 ,23 
4,1,0,70 ,13 
16,1,0,68 ,19 
4,1,0,74 ,22 
4,1,0,85 ,14 
0,0,0,74 ,13 
8,0,0,90 ,16 
8,0,0,84 ,10 
24,0,0,82 ,23 
27,0,0,74 ,14 
13,1,0,76 ,10 
4,0,1,75 ,9 
1,1,0,73 ,24 
10,0,1,86 ,20 
14,0,1,95 ,14 
1,0,0,86 ,15 
0,1,0,87 ,11 
22,1,0,71 ,18 
0,1,0,80 ,15 
19,0,0,79 ,18 
3,0,0,74 ,20 
5,1,0,91 ,23 
3,1,0,88 ,20 
0,0,0,89 ,18 
11,0,0,73 ,17 
8,0,0,87 ,18 
0,1,0,68 ,13 
4,1,0,76 ,21 
5,1,0,79 ,22 
29,1,0,85 ,19 
4,0,0,70 ,6 
7,0,1,76 ,14 
3,0,1,78 ,17 
7,0,0,80 ,19 
3,1,0,88 ,13 
0,1,0,68 ,14 
7,1,0,73 ,14 
8,1,0,77 ,19 
0,0,0,69 ,13 
3,1,0,85 ,16 
11,1,0,78 ,16 
19,0,1,94 ,21 
4,1,0,81 ,18 
12,1,0,86 ,18 
0,1,0,81 ,22 
5,0,0,86 ,21 
8,0,0,77 ,15 
2,1,0,86 ,7 
3,0,0,69 ,5 
7,0,0,80 ,8 
8,1,0,74 ,26 
0,0,0,84 ,14 
3,1,0,79 ,23 
4,1,0,69 ,15 
4,0,0,86 ,13 
3,1,0,88 ,15 
1,1,0,89 ,17 
9,1,0,91 ,27 
7,0,0,82 ,17 
5,1,0,70 ,13 
8,0,1,69 ,12 
6,0,1,67 ,11 
6,1,0,73 ,21 
2,1,0,86 ,13 
12,0,0,84 ,19 
2,0,1,83 ,16 
0,1,0,80 ,8 
1,1,0,76 ,18 
0,1,1,78 ,17 
1,0,1,83 ,16 
0,0,0,74 ,15 
34,1,0,74 ,22 
5,0,0,84 ,10 
0,0,0,73 ,13 
4,1,0,76 ,19 
0,0,0,79 ,13 
4,1,0,83 ,1 
6,0,0,86 ,22 
15,1,0,76 ,18 
11,0,1,81 ,8 
0,1,0,69 ,12 
0,1,0,76 ,22 
13,1,0,82 ,11 
4,0,1,83 ,14 
3,0,0,84 ,19 
1,0,0,78 ,25 
3,1,0,74 ,20 
5,0,0,70 ,13 
0,0,0,85 ,9 
2,0,0,86 ,16 
6,0,0,79 ,14 
3,0,0,71 ,9 
2,1,0,77 ,19 
21,1,0,84 ,21 
2,1,0,72 ,19 
2,1,0,75 ,10 
2,0,0,87 ,21 
24,0,0,79 ,16 
5,1,0,74 ,23 
6,1,0,76 ,19 
16,1,0,68 ,16 
5,1,0,75 ,23 
14,0,1,70 ,6 
6,0,1,75 ,14 
1,0,0,76 ,19 
2,0,0,87 ,22 
20,1,0,72 ,14 
10,1,0,73 ,22 
2,0,0,71 ,17 
1,0,0,73 ,23 
1,0,1,76 ,18 
8,0,0,79 ,20 
6,0,1,75 ,15 
7,0,0,81 ,16 
4,0,0,81 ,22 
5,0,1,78 ,12 
9,0,1,75 ,15 
1,1,0,75 ,22 
2,1,0,69 ,15 
6,0,0,71 ,18 
6,0,0,75 ,20 
10,1,0,69 ,7 
3,0,0,84 ,19 
3,1,0,76 ,21 
9,0,1,76 ,14 
0,0,0,69 ,7 
2,0,1,73 ,13 
15,0,1,91 ,10 
3,1,0,71 ,16 
7,0,0,88 ,13 
7,1,0,75 ,20 
3,1,0,92 ,15 
32,0,1,85 ,19 
3,1,0,85 ,23 
11,1,0,86 ,22 
4,1,0,79 ,20 
6,1,0,75 ,7 
4,0,0,79 ,16 
10,1,0,82 ,20 
11,0,0,87 ,11 
1,1,0,75 ,17 
1,1,0,75 ,17 
10,0,1,85 ,3 
0,0,0,89 ,16 
1,0,0,85 ,13 
4,0,1,74 ,6 
3,0,1,70 ,9 
1,0,0,93 ,19 
2,1,0,75 ,16 
6,1,0,86 ,26 
1,1,0,72 ,13 
8,1,0,86 ,9 
3,1,0,93 ,19 
2,0,0,79 ,18 
9,0,1,71 ,16 
20,1,0,77 ,21 
1,1,0,74 ,18 
13,0,1,88 ,16 
7,0,1,94 ,21 
5,0,0,90 ,13 
6,0,0,81 ,20 
1,0,0,76 ,14 
3,1,0,89 ,26 
2,1,0,74 ,21 
9,0,0,83 ,25 
11,1,0,80 ,20 
11,0,0,82 ,21 
4,0,0,83 ,20 
2,0,1,76 ,15 
5,0,0,80 ,18 
2,1,0,74 ,16 
1,1,0,78 ,23 
4,0,0,89 ,17 
6,1,0,78 ,21 
13,1,0,78 ,25 
1,1,0,80 ,24 
4,1,0,78 ,14 
17,0,1,81 ,7 
13,1,0,87 ,17 
24,0,1,75 ,6 
8,0,1,75 ,17 
0,0,0,73 ,12 
9,1,0,85 ,17 
4,1,0,77 ,11 
12,0,1,86 ,12 
2,0,0,76 ,7 
12,0,1,81 ,13 
0,0,1,87 ,2 
12,1,0,73 ,25 
0,1,0,77 ,18 
35,1,0,87 ,14 
3,1,0,85 ,19 
1,1,0,74 ,16 
0,1,0,83 ,22 
15,1,0,89 ,20 
3,0,1,76 ,19 
4,1,0,74 ,13 
1,1,0,75 ,15 
5,1,0,73 ,19 
0,1,0,67 ,11 
4,1,0,75 ,16 
5,1,0,77 ,10 
7,1,0,77 ,13 
1,1,0,75 ,17 
1,1,0,71 ,17 
1,1,0,69 ,5 
6,1,0,82 ,23 
10,1,0,85 ,27 
9,1,0,82 ,21 
9,1,0,70 ,14 
0,1,0,80 ,19 
0,0,0,91 ,21 
21,1,0,76 ,19 
2,1,0,82 ,20 
3,0,0,94 ,21 
6,0,0,71 ,17 
0,1,0,69 ,13 
1,1,0,75 ,21 
1,1,0,86 ,20 
6,1,0,66 ,7 
14,0,0,83 ,16 
4,1,0,69 ,15 
8,0,1,78 ,17 
12,1,0,76 ,25 
5,1,0,71 ,19 
4,0,0,78 ,17 
5,0,0,77 ,18 
0,0,0,79 ,8 
15,1,0,85 ,21 
1,1,0,84 ,15 
11,0,0,89 ,18 
6,0,0,81 ,15 
27,1,0,83 ,23 
13,1,0,83 ,21 
8,1,0,83 ,22 
3,0,0,67 ,13 
0,1,1,79 ,15 
5,1,0,70 ,18 
6,0,0,72 ,20 
10,0,0,70 ,13 
0,0,1,79 ,10 
2,0,1,86 ,12 
4,1,0,90 ,13 
21,1,0,90 ,22 
14,0,1,95 ,18 
0,0,0,68 ,5 
6,1,0,85 ,23 
8,1,0,83 ,22 
15,1,0,84 ,20 
15,0,0,86 ,20 
0,0,1,72 ,9 
10,1,0,70 ,14 
2,0,1,72 ,13 
1,1,0,81 ,14 
5,1,0,84 ,15 
5,0,1,80 ,13 
9,1,0,89 ,24 
41,1,0,84 ,17 
1,1,0,66 ,8 
3,1,0,89 ,18 
1,1,0,74 ,15 
6,0,0,73 ,15 
7,1,0,80 ,22 
6,1,0,76 ,12 
24,1,0,75 ,18 
13,1,0,83 ,19 
9,1,0,73 ,15 
4,1,0,94 ,17 
5,1,0,68 ,9 
0,0,0,90 ,13 
10,0,0,86 ,17 
2,0,1,93 ,17 
0,1,0,82 ,12 
1,1,0,82 ,17 
10,0,1,93 ,17 
8,0,0,86 ,12 
4,0,0,87 ,17 
4,1,0,76 ,22 
15,0,0,80 ,11 
6,0,0,70 ,20 
7,0,0,71 ,17 
5,1,0,82 ,12 
2,1,0,89 ,16 
1,0,1,84 ,12 
2,1,0,90 ,27 
2,0,0,77 ,20 
5,1,0,80 ,13 
2,1,0,89 ,16 
8,1,0,77 ,15 
15,1,0,83 ,22 
0,0,0,77 ,5 
4,0,0,75 ,5 
0,0,0,82 ,10 
25,1,0,89 ,26 
8,0,0,91 ,20 
8,1,0,75 ,20 
1,1,0,94 ,23 
1,1,0,77 ,9 
6,1,0,76 ,23 
1,1,0,88 ,15 
19,0,1,88 ,18 
18,1,0,66 ,11 
5,1,0,75 ,23 
6,1,0,90 ,20 
0,0,0,75 ,10 
12,0,1,88 ,15 
31,0,0,76 ,18 
0,0,0,72 ,13 
7,0,1,79 ,13 
9,0,1,77 ,11 
8,0,0,88 ,15 
14,0,0,72 ,9 
5,1,0,73 ,10 
3,1,0,82 ,11 
19,0,1,91 ,12 
12,0,1,91 ,20 
9,1,0,70 ,17 
3,0,1,80 ,11 
8,1,0,83 ,19 
10,1,0,89 ,19 
37,1,0,84 ,24 
9,1,0,80 ,21 
7,1,0,68 ,11 
11,1,1,83 ,16 
9,1,0,72 ,21 
2,0,0,89 ,21 
11,1,0,76 ,20 
12,1,0,72 ,24 
7,0,1,76 ,17 
12,0,0,86 ,14 
18,1,0,81 ,14 
5,1,0,76 ,15 
4,1,0,73 ,13 
2,1,0,74 ,14 
9,1,0,79 ,17 
6,1,0,87 ,14 
6,1,0,79 ,15 
0,1,0,68 ,15 
4,0,0,71 ,18 
4,1,0,73 ,21 
0,0,1,79 ,9 
21,1,0,69 ,21 
3,1,0,69 ,17 
3,0,1,68 ,9 
8,0,0,84 ,12 
12,0,0,86 ,21 
9,0,0,84 ,19 
6,0,1,80 ,10 
9,0,1,87 ,17 
9,1,0,89 ,21 
1,1,0,94 ,18 
4,1,0,74 ,11 
1,0,0,68 ,14 
13,0,1,88 ,12 
6,1,0,69 ,13 
3,1,0,71 ,18 
7,0,1,84 ,8 
14,0,1,77 ,9 
4,0,1,86 ,12 
3,0,0,90 ,7 
1,1,0,89 ,21 
5,1,0,77 ,15 
16,1,0,74 ,17 
4,0,0,80 ,22 
4,0,0,79 ,9 
4,0,0,76 ,12 
14,1,0,74 ,18 
17,1,0,76 ,23 
3,0,1,88 ,4 
2,0,1,85 ,10 
4,0,1,90 ,5 
0,1,0,71 ,16 
6,0,1,73 ,10 
11,0,0,72 ,15 
13,1,0,76 ,17 
4,0,0,76 ,14 
0,0,0,75 ,20 
13,0,0,86 ,21 
16,0,0,90 ,19 
1,0,0,76 ,14 
2,1,0,82 ,10 
9,1,0,91 ,18 
7,0,0,86 ,14 
2,0,0,77 ,12 
1,0,0,69 ,10 
5,1,0,81 ,22 
0,1,0,70 ,13 
0,0,0,75 ,10 
27,1,0,86 ,18 
14,1,0,83 ,16 
4,1,0,77 ,20 
30,0,1,70 ,15 
7,0,1,85 ,7 
2,1,0,74 ,21 
4,0,0,92 ,19 
0,0,0,90 ,19 
16,1,0,79 ,15 
4,0,1,82 ,17 
0,1,0,73 ,23 
11,1,0,69 ,15 
6,1,0,71 ,18 
22,1,0,90 ,19 
16,1,0,84 ,19 
9,1,0,87 ,22 
9,1,0,86 ,18 
11,1,0,67 ,13 
0,1,0,94 ,25 
0,0,1,78 ,12 
0,1,0,69 ,18 
20,1,0,67 ,16 
6,0,1,90 ,19 
0,1,1,91 ,6 
6,0,1,79 ,6 
4,0,0,87 ,17 
9,0,0,83 ,14 
3,1,0,81 ,19 
2,0,0,74 ,14 
10,0,1,79 ,12 
1,0,1,71 ,13 
4,1,0,72 ,17 
25,1,0,80 ,13 
5,0,0,81 ,15 
7,0,1,74 ,14 
1,1,0,74 ,23 
5,0,0,68 ,9 
0,0,1,87 ,18 
9,0,0,90 ,13 
20,0,0,85 ,8 
13,0,0,79 ,10 
20,0,0,78 ,14 
4,0,0,79 ,13 
22,1,0,75 ,24 
9,1,0,82 ,16 
12,1,0,78 ,18 
4,0,0,86 ,24 
4,1,0,69 ,16 
11,1,0,71 ,14 
0,1,1,75 ,18 
4,1,0,71 ,15 
4,1,0,73 ,20 
18,1,0,76 ,6 
3,0,1,91 ,8 
15,1,0,94 ,21 
5,0,0,77 ,20 
0,1,0,74 ,22 
10,1,0,73 ,24 
4,1,0,68 ,19 
18,0,1,79 ,12 
4,1,0,82 ,16 
2,1,0,89 ,17 
2,0,0,90 ,13 
5,1,0,75 ,5 
11,1,0,83 ,17 
5,1,0,83 ,19 
14,1,0,84 ,14 
5,1,0,90 ,17 
20,1,0,81 ,16 
17,1,0,82 ,17 
6,0,0,88 ,21 
1,1,0,67 ,13 
9,0,1,74 ,6 
7,1,0,83 ,18 
5,0,0,66 ,7 
2,0,0,72 ,13 
4,0,1,73 ,18 
3,1,1,78 ,18 
2,0,1,69 ,13 
11,0,0,81 ,17 
1,0,1,74 ,17 
4,1,0,73 ,16 
11,1,0,68 ,12 
4,0,0,77 ,18 
3,0,0,75 ,17 
5,0,0,80 ,19 
7,1,0,72 ,19 
3,1,0,69 ,18 
13,1,0,80 ,5 
12,1,0,79 ,5 
18,1,0,69 ,14 
5,1,0,92 ,14 
6,1,0,86 ,24 
2,1,0,74 ,25 
3,0,0,83 ,13 
4,1,0,73 ,16 
3,0,0,88 ,17 
3,0,0,86 ,14 
0,0,1,67 ,6 
10,0,0,81 ,24 
4,0,0,70 ,13 
8,0,0,90 ,17 
3,1,0,67 ,19 
3,1,0,90 ,17 
5,0,0,86 ,18 
8,1,0,79 ,22 
4,1,0,72 ,16 
15,0,0,93 ,12 
3,0,1,87 ,12 
9,0,1,82 ,10 
12,0,1,81 ,15 
2,0,1,73 ,13 
14,0,1,77 ,9 
6,0,1,90 ,19 
11,1,0,75 ,21 
6,1,0,77 ,22 
8,0,0,69 ,13 
1,1,0,65 ,12 
0,0,0,79 ,20 
1,0,0,72 ,14 
6,1,0,79 ,13 
4,1,0,71 ,18 
4,1,0,80 ,20 
1,1,0,81 ,18 
47,0,1,88 ,18 
9,1,0,82 ,20 
7,1,1,74 ,8 
0,0,0,69 ,14 
8,0,0,70 ,15 
0,1,0,68 ,10 
5,1,0,74 ,13 
10,0,1,85 ,8 
4,0,1,82 ,4 
7,0,1,77 ,17 
11,0,0,74 ,9 
1,0,0,72 ,14 
1,0,0,83 ,21 
1,0,1,71 ,19 
22,1,0,67 ,15 
9,1,0,73 ,19 
1,0,0,75 ,15 
5,0,0,75 ,19 
2,1,0,73 ,20 
8,0,0,89 ,15 
0,0,0,87 ,8 
17,1,0,94 ,22 
2,1,0,86 ,22 
3,1,0,89 ,18 
22,1,0,79 ,18 
17,1,0,85 ,17 
0,0,1,72 ,8 
0,0,0,74 ,19 
2,1,0,73 ,18 
7,0,0,69 ,18 
2,1,0,86 ,16 
47,1,0,87 ,18 
39,1,0,88 ,16 
15,0,0,71 ,11 
6,1,0,72 ,15 
7,1,0,78 ,21 
9,1,0,87 ,23 
8,1,0,84 ,18 
11,1,0,85 ,22 
3,0,0,90 ,16 
5,1,0,76 ,17 
5,1,0,75 ,18 
6,0,0,86 ,18 
3,1,0,84 ,18 
8,0,0,82 ,21 
18,0,0,82 ,21 
0,0,0,86 ,20 
1,0,0,82 ,21 
0,0,0,83 ,24 
3,0,0,74 ,21 
1,1,0,65 ,6 
8,1,0,70 ,22 
14,1,0,69 ,21 
4,1,0,70 ,17 
6,1,1,67 ,15 
3,1,0,75 ,25 
6,1,0,71 ,14 
0,0,0,71 ,23 
5,1,0,66 ,16 
0,1,0,89 ,16 
1,1,0,67 ,14 
20,1,0,73 ,18 
4,1,0,66 ,15 
7,0,0,69 ,5 
7,1,0,73 ,12 
8,1,0,70 ,22 
1,0,1,68 ,3 
15,1,0,68 ,15 
7,1,0,66 ,13 
1,0,0,80 ,14 
5,1,0,72 ,16 
3,0,0,66 ,17 
0,0,1,84 ,9 
1,1,0,69 ,16 
1,1,0,68 ,15 
2,1,0,66 ,13 
2,1,0,67 ,18 
1,0,0,65 ,11 
0,0,0,68 ,13 
18,1,0,72 ,20 
2,1,0,75 ,25 
6,1,0,72 ,24 
0,1,0,65 ,11 
2,1,0,67 ,13 
1,1,0,66 ,13 
7,1,0,67 ,10 
3,1,0,69 ,17 
3,1,0,70 ,17 
1,0,0,75 ,22 
6,1,0,74 ,21 
0,0,0,70 ,20 
1,0,0,86 ,19 
2,0,0,73 ,19 
4,0,1,75 ,11 
3,1,0,75 ,24 
1,1,0,75 ,26 
2,0,0,97 ,18 
4,1,0,71 ,20 
0,1,0,77 ,22 
10,1,0,76 ,23 
6,1,0,75 ,24 
6,1,0,71 ,18 
8,1,0,74 ,24 
4,1,0,67 ,14 
4,1,0,72 ,24 
5,1,0,74 ,21 
0,0,0,70 ,7 
0,0,0,86 ,12 
0,1,0,68 ,20 
2,1,0,72 ,11 
7,1,0,71 ,16 
2,1,0,71 ,22 
4,1,0,70 ,17 
7,0,0,67 ,14 
2,1,0,77 ,12 
3,1,0,71 ,18 
0,1,0,73 ,20 
5,1,0,69 ,16 
0,1,0,72 ,18 
0,1,0,72 ,24 
5,1,0,70 ,17 
17,1,0,68 ,15 
0,0,1,76 ,21 
18,1,0,67 ,12 
6,0,0,71 ,12 
3,0,0,65 ,12 
5,0,0,76 ,22 
7,0,1,70 ,20 
3,0,0,68 ,15 
4,0,0,72 ,16 
2,1,0,69 ,16 
8,1,0,70 ,15 
2,0,0,91 ,17 
6,1,0,75 ,26 
9,0,1,72 ,12 
4,1,0,69 ,17 
0,1,1,69 ,7 
17,1,1,74 ,18 
0,1,0,70 ,17 
2,1,0,65 ,13 
10,0,0,71 ,22 
3,1,0,84 ,15 
2,0,0,76 ,13 
3,0,0,85 ,18 
3,0,0,86 ,22 
5,1,0,68 ,13 
4,0,0,98 ,17 
3,0,0,79 ,21 
1,0,0,76 ,13 
11,1,0,88 ,22 
4,0,0,75 ,18 
0,0,0,94 ,17 
1,0,1,88 ,12 
21,0,0,73 ,9 
2,0,0,88 ,17 
3,1,0,91 ,11 
7,1,1,75 ,21 
9,0,0,88 ,22 
12,0,1,90 ,6 
0,0,1,95 ,5 
1,0,0,74 ,18 
21,1,0,89 ,21 
4,0,0,92 ,19 
4,0,1,76 ,12 
6,1,0,75 ,20 
11,1,0,72 ,17 
0,0,0,78 ,21 
2,0,0,72 ,16 
4,1,0,88 ,19 
0,0,0,70 ,13 
3,0,0,97 ,18 
5,1,0,79 ,15 
4,1,0,75 ,24 
2,0,0,77 ,12 
6,1,0,75 ,20 
8,1,0,84 ,14 
7,0,0,98 ,22 
7,1,0,80 ,16 
9,0,1,77 ,15 
9,0,1,81 ,12 
3,0,0,80 ,17 
8,1,0,86 ,14 
3,0,0,83 ,10 
20,1,0,91 ,17 
3,1,0,93 ,18 
40,1,0,77 ,23 
5,1,0,79 ,25 
6,0,0,95 ,11 
9,1,0,87 ,21 
4,1,0,89 ,16 
3,1,0,85 ,10 
10,1,0,72 ,19 
8,1,0,74 ,11 
2,0,0,81 ,10 
0,0,0,97 ,16 
13,1,0,89 ,25 
6,0,1,93 ,16 
7,0,0,83 ,12 
3,1,1,92 ,18 
2,0,1,82 ,7 
1,0,1,83 ,20 
10,0,0,86 ,16 
0,0,0,70 ,15 
2,1,0,84 ,18 
8,1,0,86 ,19 
24,1,0,79 ,15 
0,1,0,82 ,21 
6,0,0,82 ,13 
10,1,0,78 ,16 
54,1,0,74 ,18 
9,1,0,79 ,26 
28,1,0,75 ,19 
1,0,0,89 ,14 
0,1,0,82 ,14 
0,0,0,88 ,13 
2,1,0,92 ,22 
8,1,0,84 ,16 
2,1,0,97 ,19 
2,1,0,94 ,17 
2,1,0,93 ,11 
1,0,0,89 ,19 
0,0,0,73 ,12 
4,0,1,98 ,17 
2,0,0,85 ,23 
4,1,0,83 ,18 
1,1,0,79 ,15 
0,0,0,90 ,21 
10,1,0,85 ,16 
7,1,0,83 ,18 
11,0,0,83 ,13 
0,0,0,72 ,14 
9,0,0,72 ,16 
2,0,0,94 ,19 
8,1,0,70 ,15 
5,0,0,70 ,14 
5,0,0,87 ,18 
10,1,0,85 ,24 
25,1,0,75 ,17 
9,1,0,79 ,21 
0,1,0,69 ,13 
3,1,0,76 ,21 
8,0,1,79 ,12 
8,0,1,83 ,17 
13,0,0,69 ,15 
5,0,0,82 ,22 
0,1,0,84 ,19 
6,1,0,85 ,17 
4,1,0,73 ,25 
1,0,0,84 ,10 
8,0,0,71 ,1 
6,1,0,73 ,21 
12,0,0,74 ,13 
1,0,0,77 ,14 
14,1,0,72 ,16 
4,0,0,77 ,10 
2,0,1,66 ,10 
2,0,0,79 ,7 
9,1,0,84 ,19 
5,1,0,79 ,17 
3,1,0,81 ,13 
3,1,0,74 ,17 
18,1,0,66 ,18 
14,1,0,79 ,19 
9,0,1,68 ,15 
6,0,0,75 ,20 
20,1,0,71 ,19 
6,0,0,74 ,14 
12,0,0,91 ,21 
4,1,0,69 ,18 
0,1,0,83 ,26 
14,0,0,73 ,19 
11,1,0,74 ,12 
4,0,0,78 ,16 
1,1,0,87 ,21 
0,0,0,77 ,20 
0,0,0,72 ,9 
6,1,0,79 ,19 
1,1,0,78 ,20 
11,0,0,92 ,20 
0,1,0,92 ,20 
1,0,0,93 ,11 
0,1,0,79 ,16 
1,0,0,82 ,18 
2,0,0,85 ,19 
15,0,0,83 ,17 
0,0,1,72 ,8 
1,1,0,79 ,15 
17,1,0,77 ,17 
11,1,0,76 ,17 
4,1,0,76 ,17 
1,0,1,91 ,17 
12,1,0,93 ,21 
19,1,0,89 ,20 
6,1,0,80 ,21 
4,1,0,92 ,21 
8,1,0,76 ,17 
5,1,0,73 ,19 
1,0,0,78 ,18 
12,0,0,92 ,19 
9,0,0,75 ,25 
3,1,0,84 ,17 
3,0,1,74 ,20 
12,0,0,71 ,14 
15,1,0,92 ,22 
3,0,0,88 ,24 
23,1,0,89 ,22 
19,0,0,87 ,23 
44,0,1,80 ,21 
14,0,1,73 ,14 
4,0,0,86 ,16 
2,1,0,71 ,19 
5,0,0,76 ,18 
2,0,0,70 ,19 
9,0,0,84 ,14 
5,0,1,74 ,12 
1,1,1,77 ,15 
5,0,0,93 ,16 
4,0,1,74 ,3 
23,0,0,71 ,17 
4,0,0,74 ,18 
0,0,0,81 ,14 
20,1,0,70 ,13 
5,1,0,69 ,16 
3,1,0,70 ,19 
4,1,0,68 ,9 
5,0,0,95 ,22 
3,1,0,82 ,21 
17,1,0,87 ,25 
7,1,0,83 ,22 
8,1,0,81 ,17 
7,1,0,87 ,20 
2,1,0,71 ,23 
2,0,0,75 ,11 
5,0,0,73 ,11 
1,1,0,75 ,19 
8,1,0,87 ,16 
6,1,0,84 ,15 
0,0,1,82 ,15 
2,0,1,72 ,14 
11,1,0,80 ,22 
6,1,0,78 ,18 
7,1,0,78 ,15 
23,1,0,78 ,17 
3,1,0,75 ,14 
7,1,0,73 ,21 
2,1,0,75 ,24 
4,1,0,68 ,18 
43,1,0,79 ,15 
4,1,0,85 ,22 
6,0,0,73 ,19 
0,0,0,77 ,19 
2,1,0,65 ,12 
7,1,0,72 ,13 
5,0,1,80 ,3 
9,0,1,81 ,16 
6,0,0,84 ,24 
0,0,0,78 ,19 
0,1,0,74 ,20 
6,1,0,73 ,18 
6,1,0,71 ,16 
7,0,0,75 ,13 
7,0,1,81 ,12 
16,1,0,79 ,14 
14,1,0,95 ,20 
10,1,0,84 ,9 
3,1,0,72 ,15 
5,1,0,87 ,19 
5,1,0,81 ,22 
9,1,1,84 ,18 
5,1,1,84 ,18 
5,0,1,79 ,8 
3,0,1,83 ,12 
5,0,0,87 ,16 
22,0,0,75 ,13 
13,1,0,79 ,17 
0,1,0,74 ,19 
7,1,0,76 ,14 
0,0,1,75 ,14 
8,1,0,89 ,12 
3,1,0,77 ,20 
16,1,0,74 ,21 
13,0,0,83 ,17 
14,0,0,80 ,13 
13,1,0,75 ,19 
1,0,0,69 ,16 
4,0,0,82 ,26 
0,0,0,81 ,22 
14,1,0,82 ,15 
3,1,0,91 ,16 
7,0,0,82 ,16 
9,0,0,82 ,7 
8,0,0,78 ,11 
1,1,0,78 ,18 
4,1,0,79 ,19 
10,0,0,84 ,7 
5,0,1,90 ,10 
3,0,0,84 ,17 
9,0,1,79 ,17 
4,0,0,86 ,23 
5,1,0,72 ,11 
9,0,1,68 ,14 
3,1,0,67 ,10 
28,1,0,80 ,22 
14,0,0,82 ,18 
7,1,0,83 ,15 
6,0,0,68 ,8 
15,0,0,75 ,12 
13,0,0,77 ,20 
32,1,0,86 ,18 
2,1,1,71 ,13 
4,1,0,78 ,16 
2,1,0,80 ,18 
10,0,0,71 ,19 
6,0,1,78 ,15 
21,1,0,66 ,18 
0,0,0,70 ,16 
15,1,0,81 ,19 
3,1,0,77 ,22 
3,1,0,71 ,8 
9,1,0,80 ,22 
1,1,0,77 ,20 
4,1,0,82 ,21 
20,0,1,80 ,18 
3,0,0,81 ,16 
3,0,1,68 ,2 
2,0,0,82 ,20 
11,0,0,87 ,19 
1,0,0,76 ,13 
0,0,0,76 ,13 
0,0,0,76 ,19 
4,1,0,79 ,14 
10,1,0,79 ,16 
1,1,0,83 ,25 
1,1,0,73 ,13 
6,0,1,94 ,15 
8,0,1,90 ,13 
3,0,0,91 ,20 
8,1,0,78 ,22 
1,0,0,86 ,14 
9,0,0,93 ,16 
5,1,1,90 ,18 
9,1,0,73 ,15 
12,1,0,77 ,16 
2,1,0,70 ,21 
6,1,0,91 ,12 
7,0,0,69 ,14 
10,0,0,85 ,22 
2,0,0,84 ,16 
4,0,0,88 ,17 
8,0,0,86 ,23 
1,0,1,65 ,14 
9,0,0,71 ,21 
18,1,0,78 ,11 
22,1,0,77 ,9 
2,0,0,79 ,20 
5,0,0,77 ,19 
6,0,1,91 ,6 
9,0,1,90 ,21 
7,0,1,85 ,20 
20,0,0,81 ,12 
2,0,0,79 ,17 
2,1,0,70 ,13 
3,1,0,85 ,15 
5,1,0,89 ,13 
2,0,0,79 ,15 
0,0,0,81 ,20 
6,0,0,76 ,18 
3,0,1,72 ,17 
8,1,0,67 ,14 
4,0,0,81 ,13 
12,0,0,72 ,16 
3,1,0,89 ,21 
4,1,0,75 ,21 
14,0,1,79 ,10 
27,0,0,85 ,16 
1,0,0,86 ,17 
2,0,1,84 ,14 
6,1,0,69 ,16 
6,1,0,79 ,20 
10,0,0,92 ,23 
9,1,0,81 ,17 
8,1,0,89 ,18 
7,1,0,84 ,21 
0,0,0,87 ,18 
14,1,0,69 ,19 
10,1,0,88 ,22 
2,0,1,73 ,3 
3,1,0,70 ,17 
10,1,0,83 ,16 
13,1,0,75 ,13 
13,0,0,78 ,18 
2,1,0,93 ,22 
2,1,0,92 ,24 
8,1,0,86 ,16 
9,0,1,76 ,21 
7,0,0,87 ,16 
5,1,0,71 ,17 
4,0,0,92 ,19 
6,0,0,90 ,19 
0,0,0,81 ,15 
1,1,0,88 ,19 
6,1,0,77 ,12 
9,1,0,78 ,6 
3,0,0,80 ,16 
4,0,0,69 ,14 
1,1,0,68 ,12 
4,1,0,71 ,17 
1,0,1,74 ,6 
6,0,0,87 ,15 
2,1,0,93 ,24 
4,1,0,83 ,26 
3,1,0,84 ,25 
8,1,0,74 ,12 
2,0,1,81 ,16 
15,1,0,87 ,14 
2,1,0,81 ,17 
7,1,0,79 ,23 
1,1,0,75 ,19 
1,0,0,85 ,18 
2,1,0,87 ,25 
4,0,0,93 ,18 
7,0,1,92 ,14 
5,1,0,89 ,25 
5,1,0,80 ,13 
17,0,0,70 ,16 
9,1,0,88 ,17 
8,1,0,83 ,20 
2,1,0,83 ,22 
18,0,1,76 ,8 
14,0,0,89 ,22 
8,0,0,73 ,17 
11,0,0,81 ,15 
8,0,0,78 ,22 
2,0,0,75 ,17 
10,0,1,82 ,18 
15,0,0,77 ,12 
3,1,0,72 ,15 
4,1,0,72 ,13 
3,1,0,74 ,19 
4,0,0,67 ,14 
7,0,0,87 ,25 
2,0,1,68 ,4 
3,1,0,81 ,18 
5,0,0,86 ,13 
0,1,0,75 ,15 
1,1,0,84 ,22 
8,1,0,79 ,20 
5,1,0,79 ,9 
0,0,1,75 ,13 
2,1,0,78 ,22 
2,1,0,78 ,21 
2,0,0,81 ,18 
2,1,0,80 ,26 
2,1,0,83 ,17 
0,0,0,84 ,20 
5,1,0,86 ,25 
1,0,0,75 ,15 
3,0,0,78 ,19 
4,0,0,75 ,16 
4,0,0,80 ,15 
1,0,0,83 ,10 
2,0,0,89 ,5 
2,0,1,88 ,18 
4,0,0,92 ,19 
12,1,0,91 ,22 
11,0,0,71 ,14 
1,1,0,78 ,18 
1,1,0,72 ,14 
0,1,0,88 ,20 
0,0,0,80 ,18 
11,0,1,90 ,22 
4,0,0,81 ,14 
1,0,0,79 ,19 
5,1,0,76 ,22 
1,0,0,89 ,15 
1,0,0,72 ,18 
8,1,0,85 ,19 
7,1,0,77 ,19 
10,1,0,70 ,17 
2,0,1,83 ,12 
2,0,1,85 ,13 
18,1,0,79 ,12 
0,1,0,79 ,22 
5,0,0,82 ,7 
7,0,0,77 ,7 
0,0,0,66 ,13 
8,1,0,74 ,16 
8,1,0,77 ,16 
3,1,0,78 ,22 
11,0,0,90 ,22 
13,0,1,80 ,12 
3,0,1,87 ,4 
12,0,1,71 ,12 
7,1,0,73 ,16 
0,1,0,83 ,15 
8,1,0,78 ,13 
23,1,0,75 ,18 
9,1,0,69 ,20 
7,1,0,77 ,21 
3,0,0,74 ,18 
6,0,1,87 ,6 
8,0,1,89 ,10 
1,0,0,88 ,13 
7,0,1,85 ,8 
2,0,0,87 ,22 
10,0,0,78 ,20 
0,0,0,81 ,11 
1,0,0,85 ,17 
0,0,0,72 ,23 
8,0,1,71 ,9 
3,0,1,77 ,8 
3,0,0,81 ,20 
2,0,0,91 ,18 
4,0,1,77 ,7 
3,1,0,80 ,13 
16,0,1,88 ,15 
5,1,0,74 ,23 
17,0,1,76 ,18 
2,1,0,90 ,17 
22,1,0,91 ,15 
1,0,0,78 ,17 
0,0,0,86 ,9 
8,0,1,73 ,14 
3,1,0,91 ,18 
13,0,0,82 ,20 
2,0,0,79 ,19 
3,1,0,74 ,19 
17,1,1,94 ,25 
5,0,0,89 ,17 
0,0,0,91 ,22 
16,1,0,70 ,20 
2,1,0,65 ,12 
3,1,0,77 ,8 
0,0,1,78 ,17 
6,0,1,84 ,6 
2,0,0,86 ,12 
4,0,0,76 ,9 
14,0,0,72 ,6 
12,0,0,75 ,13 
10,1,0,83 ,22 
8,1,0,81 ,19 
15,0,0,84 ,14 
8,0,0,88 ,15 
43,1,0,74 ,19 
2,1,0,79 ,23 
1,0,0,85 ,3 
9,1,0,74 ,19 
2,1,0,79 ,15 
5,0,0,88 ,14 
0,0,1,73 ,11 
14,0,1,73 ,10 
0,0,0,88 ,19 
0,0,0,89 ,21 
0,1,1,79 ,19 
3,0,1,83 ,3 
8,0,1,74 ,19 
4,1,0,83 ,21 
20,0,1,91 ,13 
4,0,0,89 ,17 
7,0,1,82 ,19 
9,0,0,82 ,23 
6,0,0,70 ,13 
0,0,0,82 ,18 
3,0,0,84 ,5 
0,0,0,76 ,14 
0,0,1,70 ,4 
4,1,0,79 ,21 
4,1,0,80 ,22 
7,0,1,81 ,9 
5,1,0,79 ,12 
13,0,1,73 ,7 
0,0,0,75 ,20 
0,1,0,72 ,12 
3,1,0,74 ,15 
0,1,0,80 ,13 
4,1,0,73 ,16 
1,0,0,86 ,19 
1,0,0,71 ,11 
11,0,0,69 ,15 
2,0,1,87 ,7 
2,0,0,89 ,26 
4,0,0,79 ,16 
3,1,0,78 ,23 
4,1,0,72 ,17 
23,1,0,76 ,17 
2,0,1,72 ,14 
7,0,1,71 ,14 
1,1,0,87 ,21 
7,1,0,90 ,24 
8,1,0,95 ,22 
3,0,0,85 ,17 
4,0,0,75 ,20 
3,0,0,91 ,18 
6,0,0,86 ,13 
10,0,1,86 ,9 
15,1,0,81 ,22 
3,0,0,94 ,22 
7,0,0,79 ,13 
3,1,0,78 ,10 
0,1,0,78 ,16 
0,0,0,90 ,19 
5,0,0,78 ,20 
22,0,0,76 ,19 
7,0,0,75 ,13 
7,0,0,73 ,12 
3,0,0,88 ,18 
8,1,0,84 ,13 
9,0,1,67 ,10 
7,0,0,78 ,14 
7,0,0,80 ,19 
14,0,0,79 ,12 
4,0,1,81 ,12 
4,0,0,79 ,20 
5,1,0,89 ,17 
3,1,0,76 ,17 
7,1,0,93 ,20 
13,1,0,81 ,17 
30,1,0,84 ,19 
0,1,0,75 ,20 
6,0,1,81 ,22 
11,0,1,72 ,19 
24,1,0,78 ,16 
3,1,0,78 ,21 
25,1,0,81 ,14 
12,0,0,76 ,14 
12,0,0,85 ,19 
0,0,0,75 ,13 
4,0,0,76 ,16 
3,1,0,81 ,15 
12,1,0,76 ,18 
12,1,0,79 ,23 
4,1,0,86 ,27 
1,0,1,72 ,15 
3,0,0,67 ,8 
3,0,1,85 ,13 
4,0,0,82 ,18 
1,0,0,79 ,17 
30,1,0,86 ,13 
7,0,0,72 ,17 
1,0,1,73 ,15 
2,0,0,81 ,16 
0,0,0,84 ,18 
5,1,0,85 ,11 
5,0,1,71 ,12 
9,0,1,76 ,21 
11,0,0,80 ,17 
17,1,0,75 ,21 
17,0,0,76 ,16 
1,0,0,71 ,15 
3,0,0,74 ,18 
15,1,0,79 ,24 
6,0,0,77 ,13 
8,1,0,72 ,12 
2,0,0,73 ,12 
12,0,0,71 ,15 
9,0,0,89 ,16 
6,1,0,79 ,19 
7,1,0,74 ,11 
106,0,1,79 ,10 
23,1,0,67 ,19 
6,0,0,78 ,16 
8,0,0,77 ,17 
2,0,1,76 ,15 
0,0,1,76 ,19 
5,0,0,85 ,16 
2,0,0,87 ,20 
0,0,0,73 ,21 
0,1,0,72 ,19 
0,0,0,86 ,13 
3,0,0,81 ,17 
1,1,0,81 ,17 
6,1,0,80 ,17 
2,1,0,82 ,21 
5,1,0,75 ,24 
3,0,1,75 ,8 
5,0,1,71 ,6 
1,0,0,88 ,19 
10,0,0,79 ,13 
1,1,0,76 ,19 
34,1,0,73 ,22 
2,0,0,76 ,20 
1,0,0,70 ,18 
2,1,0,75 ,26 
6,1,0,83 ,27 
24,0,0,84 ,14 
6,0,0,82 ,19 
6,1,0,71 ,17 
1,1,0,73 ,20 
11,1,0,87 ,10 
3,1,0,77 ,19 
0,1,0,68 ,15 
1,1,0,84 ,19 
17,1,0,79 ,23 
2,1,0,85 ,14 
6,0,0,86 ,17 
10,0,0,81 ,17 
9,0,0,85 ,17 
3,0,1,89 ,19 
0,0,0,74 ,19 
0,0,0,84 ,22 
4,1,0,77 ,14 
15,1,0,78 ,15 
4,1,0,81 ,19 
12,0,1,70 ,11 
0,1,0,72 ,21 
1,1,0,93 ,19 
3,0,0,78 ,11 
11,0,0,79 ,18 
11,1,0,77 ,15 
0,1,0,70 ,14 
5,0,1,85 ,10 
1,1,0,77 ,13 
5,1,0,74 ,14 
11,1,1,84 ,20 
13,0,0,86 ,24 
7,1,0,79 ,13 
2,1,0,80 ,15 
7,0,1,79 ,13 
5,1,0,74 ,20 
3,1,0,82 ,24 
1,0,0,68 ,10 
2,0,0,89 ,18 
3,1,0,79 ,17 
8,1,0,87 ,19 
0,1,0,82 ,20 
7,1,0,80 ,13 
10,0,0,71 ,14 
1,0,1,79 ,13 
1,0,1,78 ,12 
1,1,0,87 ,18 
13,0,0,78 ,11 
22,1,0,79 ,22 
16,0,0,70 ,15 
3,0,0,75 ,12 
4,1,0,81 ,23 
2,0,0,76 ,14 
7,0,0,85 ,20 
16,0,0,78 ,21 
1,1,0,81 ,18 
22,0,0,77 ,14 
3,0,0,78 ,20 
7,1,0,86 ,21 
6,1,0,84 ,23 
13,1,0,82 ,23 
5,1,0,74 ,22 
5,0,1,89 ,11 
8,0,1,87 ,20 
2,0,1,74 ,11 
2,0,1,91 ,20 
6,0,0,90 ,20 
2,0,0,73 ,10 
1,1,0,70 ,17 
6,1,0,83 ,9 
7,0,1,77 ,17 
9,1,0,93 ,21 
19,1,0,81 ,26 
1,1,0,79 ,19 
5,1,0,76 ,10 
15,0,0,70 ,10 
2,0,0,88 ,22 
4,0,0,82 ,15 
12,0,0,77 ,21 
9,0,0,74 ,7 
5,0,0,89 ,15 
1,1,0,71 ,21 
1,1,0,84 ,16 
16,1,0,82 ,20 
4,1,0,74 ,23 
13,1,0,69 ,20 
3,0,1,79 ,15 
1,0,1,73 ,7 
1,1,0,72 ,17 
1,0,1,70 ,13 
10,0,1,84 ,10 
7,0,1,77 ,4 
5,1,0,81 ,21 
16,0,0,82 ,1 
9,1,1,84 ,17 
2,1,0,87 ,18 
5,0,1,74 ,20 
7,0,1,72 ,15 
0,0,0,73 ,13 
0,0,0,93 ,20 
1,0,0,86 ,5 
6,1,0,76 ,20 
0,1,1,73 ,14 
0,1,0,68 ,19 
14,1,0,67 ,12 
1,1,0,76 ,19 
1,0,1,75 ,20 
4,0,1,79 ,13 
29,1,0,90 ,21 
5,0,0,81 ,17 
14,0,0,83 ,22 
7,0,0,82 ,17 
13,0,0,84 ,16 
13,1,0,70 ,11 
0,1,0,80 ,21 
11,1,0,83 ,15 
3,1,0,76 ,23 
6,0,0,77 ,15 
4,0,0,81 ,18 
9,0,1,88 ,12 
11,1,0,77 ,7 
7,1,0,74 ,17 
10,0,0,87 ,14 
9,1,0,81 ,18 
9,1,0,73 ,13 
2,0,1,84 ,5 
5,1,0,78 ,18 
13,1,0,82 ,26 
12,1,0,86 ,24 
13,1,0,74 ,23 
7,1,0,70 ,18 
1,0,0,76 ,17 
7,1,0,83 ,24 
18,1,0,70 ,22 
4,1,0,94 ,17 
3,1,0,86 ,17 
6,0,0,85 ,15 
4,0,0,86 ,13 
8,0,0,90 ,21 
0,1,0,84 ,13 
5,0,1,84 ,12 
0,0,1,77 ,11 
10,1,0,85 ,12 
3,1,0,83 ,20 
3,1,0,76 ,21 
8,1,0,88 ,15 
4,0,0,75 ,9 
0,0,1,72 ,17 
0,0,0,75 ,9 
3,0,0,77 ,14 
13,1,0,93 ,18 
9,1,0,92 ,19 
0,0,0,86 ,16 
1,0,0,76 ,13 
3,0,0,79 ,14 
1,0,0,80 ,15 
4,0,0,81 ,16 
0,1,0,81 ,19 
3,0,0,82 ,18 
0,0,0,72 ,13 
2,0,0,75 ,15 
4,0,1,85 ,20 
5,0,1,77 ,5 
0,0,0,84 ,14 
1,0,1,82 ,8 
0,0,0,85 ,16 
7,1,0,80 ,24 
15,1,0,89 ,18 
0,0,0,81 ,17 
2,1,0,75 ,19 
7,0,0,77 ,16 
7,0,0,79 ,7 
3,1,0,69 ,16 
2,1,0,73 ,18 
4,0,0,82 ,13 
9,0,0,81 ,3 
14,0,0,87 ,27 
11,1,0,72 ,17 
24,1,0,77 ,15 
0,1,0,69 ,16 
7,1,0,78 ,11 
1,1,0,72 ,21 
1,0,0,81 ,17 
0,1,0,73 ,12 
6,0,0,85 ,8 
8,1,0,75 ,19 
1,1,0,73 ,18 
0,0,0,69 ,14 
0,0,0,82 ,16 
1,0,0,85 ,12 
15,1,0,75 ,21 
5,1,0,87 ,12 
0,0,0,74 ,1 
5,1,0,67 ,14 
9,1,0,72 ,21 
1,1,0,70 ,15 
17,0,0,79 ,11 
13,1,0,82 ,22 
8,1,0,75 ,18 
14,1,0,82 ,21 
13,1,0,76 ,15 
1,1,0,72 ,16 
0,1,0,70 ,15 
5,1,1,71 ,17 
4,0,0,79 ,18 
10,1,0,94 ,25 
4,1,0,68 ,15 
1,0,0,71 ,20 
1,0,0,69 ,21 
9,0,0,89 ,16 
1,0,0,87 ,11 
4,0,0,73 ,18 
11,1,0,79 ,26 
4,1,0,84 ,19 
0,1,0,73 ,24 
7,0,0,71 ,22 
0,0,0,77 ,13 
1,1,0,79 ,19 
4,1,0,71 ,19 
7,1,0,75 ,19 
17,1,0,88 ,20 
21,0,1,73 ,20 
14,0,0,85 ,11 
4,1,0,74 ,14 
6,0,0,89 ,17 
6,1,0,82 ,20 
11,1,0,83 ,16 
11,1,0,83 ,21 
1,1,0,66 ,12 
6,0,0,84 ,13 
3,0,0,86 ,17 
1,1,0,81 ,15 
4,1,0,82 ,20 
20,1,0,78 ,24 
1,1,0,80 ,16 
9,1,0,82 ,20 
7,0,0,73 ,19 
5,0,0,70 ,10 
6,0,0,80 ,16 
8,0,1,68 ,10 
35,0,0,85 ,27 
17,0,1,75 ,18 
14,0,1,78 ,21 
1,0,0,87 ,18 
2,1,0,86 ,7 
11,1,0,87 ,14 
1,1,0,83 ,14 
7,1,0,82 ,19 
9,1,0,73 ,18 
14,1,0,71 ,17 
3,0,0,75 ,5 
2,1,0,87 ,14 
6,0,0,87 ,12 
12,0,0,70 ,15 
4,0,0,76 ,16 
8,1,0,80 ,16 
11,1,0,68 ,13 
13,1,0,76 ,15 
7,1,0,82 ,24 
13,0,0,76 ,22 
2,0,0,90 ,19 
27,0,0,78 ,13 
7,0,0,77 ,15 
2,0,0,86 ,17 
2,0,0,82 ,18 
12,1,0,88 ,21 
15,1,0,79 ,25 
0,1,0,73 ,18 
0,0,0,91 ,19 
2,1,0,67 ,19 
11,0,1,72 ,18 
5,0,0,75 ,16 
7,0,0,77 ,12 
11,0,0,80 ,17 
3,1,0,82 ,14 
3,1,0,72 ,24 
3,1,0,66 ,15 
5,1,0,74 ,21 
3,0,0,88 ,7 
8,0,0,75 ,18 
2,1,0,68 ,14 
15,1,0,74 ,14 
11,1,0,75 ,21 
2,0,0,87 ,4 
14,1,0,87 ,22 
17,1,0,81 ,19 
2,1,0,81 ,17 
12,0,0,78 ,12 
5,1,0,74 ,21 
5,1,0,74 ,25 
1,1,0,72 ,18 
5,0,0,68 ,14 
3,0,0,76 ,15 
4,0,0,69 ,20 
15,1,0,85 ,24 
14,0,1,78 ,15 
12,1,0,73 ,16 
6,0,0,81 ,23 
5,1,0,75 ,13 
3,1,0,72 ,16 
5,0,1,89 ,16 
12,1,0,66 ,13 
2,1,0,77 ,20 
4,0,0,73 ,17 
9,1,0,91 ,18 
7,1,0,75 ,19 
13,1,0,78 ,20 
0,0,1,79 ,12 
11,0,0,85 ,21 
15,0,0,82 ,23 
11,0,1,81 ,7 
4,1,0,76 ,22 
3,0,0,76 ,19 
7,0,0,78 ,18 
9,0,0,84 ,22 
0,1,0,75 ,26 
4,1,0,78 ,18 
7,1,0,76 ,26 
1,0,0,84 ,7 
5,0,0,75 ,22 
1,0,1,77 ,15 
2,0,1,73 ,19 
4,0,0,92 ,19 
0,0,0,79 ,18 
17,1,0,75 ,17 
6,0,0,74 ,16 
3,0,1,93 ,20 
10,1,0,74 ,11 
1,1,0,80 ,15 
9,1,0,88 ,13 
3,0,0,95 ,20 
1,0,0,83 ,13 
10,0,0,87 ,19 
3,0,0,73 ,19 
10,1,0,71 ,14 
0,0,0,72 ,17 
1,1,0,83 ,15 
5,1,0,65 ,12 
4,0,0,80 ,15 
0,0,0,86 ,16 
9,1,0,84 ,15 
37,0,1,91 ,14 
16,1,0,73 ,15 
23,0,1,93 ,20 
0,0,1,75 ,12 
0,1,0,77 ,15 
2,0,0,70 ,5 
12,1,0,91 ,14 
7,0,1,77 ,16 
7,0,1,70 ,13 
11,0,1,68 ,11 
3,0,0,86 ,9 
4,1,1,84 ,21 
4,0,0,79 ,23 
10,1,0,93 ,20 
14,1,0,91 ,20 
3,1,0,80 ,20 
6,0,1,72 ,19 
6,0,1,72 ,12 
7,1,0,77 ,21 
2,0,1,76 ,8 
7,1,0,73 ,15 
0,0,0,74 ,23 
6,0,1,83 ,10 
0,1,0,73 ,11 
4,1,0,92 ,14 
1,0,0,78 ,13 
4,0,1,83 ,5 
4,1,0,69 ,10 
0,1,0,77 ,23 
2,1,0,82 ,22 
4,0,1,88 ,11 
4,1,0,88 ,15 
28,0,1,95 ,22 
1,0,0,76 ,10 
5,1,0,71 ,21 
2,1,0,81 ,22 
11,1,0,77 ,18 
3,1,0,85 ,20 
4,1,0,85 ,18 
1,1,0,70 ,15 
6,1,0,75 ,15 
3,1,0,85 ,16 
2,1,0,81 ,14 
0,1,0,68 ,16 
15,1,0,72 ,19 
0,1,0,80 ,15 
3,0,0,81 ,18 
1,0,0,86 ,16 
3,1,0,74 ,10 
1,1,0,78 ,9 
0,1,0,76 ,11 
17,0,0,92 ,20 
8,0,0,77 ,10 
2,0,0,76 ,18 
2,0,0,79 ,20 
7,0,0,80 ,17 
6,0,0,84 ,23 
16,0,0,79 ,18 
1,0,0,92 ,22 
0,0,1,72 ,4 
0,0,1,74 ,7 
14,0,1,87 ,9 
9,0,0,83 ,18 
3,0,0,81 ,20 
1,0,1,80 ,9 
4,0,0,76 ,15 
7,1,0,76 ,16 
5,1,0,73 ,19 
6,0,0,90 ,21 
15,0,0,77 ,13 
16,1,0,79 ,9 
16,0,0,86 ,18 
10,0,1,84 ,8 
4,0,0,89 ,10 
6,0,0,81 ,13 
7,1,0,75 ,14 
12,1,0,80 ,19 
4,0,0,76 ,22 
4,0,0,76 ,17 
6,1,0,71 ,23 
4,1,0,67 ,17 
0,1,0,82 ,22 
6,1,0,79 ,23 
6,0,1,71 ,13 
8,0,1,94 ,20 
3,0,0,66 ,9 
10,0,0,87 ,22 
1,1,0,77 ,17 
4,1,0,81 ,24 
14,1,1,72 ,10 
6,0,0,71 ,17 
13,1,0,78 ,23 
9,1,0,77 ,25 
0,1,0,84 ,17 
5,1,0,73 ,18 
2,1,0,76 ,20 
16,1,0,77 ,18 
14,0,0,75 ,20 
0,1,0,85 ,13 
4,0,0,75 ,13 
8,1,0,88 ,11 
4,1,0,71 ,23 
4,0,0,70 ,11 
2,0,1,84 ,10 
16,1,0,90 ,22 
8,1,0,88 ,27 
12,1,0,75 ,21 
8,1,0,74 ,18 
3,1,0,90 ,21 
5,0,0,79 ,10 
4,0,0,82 ,21 
4,0,0,80 ,27 
7,0,0,91 ,10 
1,1,0,91 ,18 
4,0,1,82 ,6 
13,0,1,68 ,1 
10,1,0,73 ,9 
6,1,0,66 ,17 
12,0,1,79 ,14 
1,1,0,85 ,16 
0,1,0,87 ,19 
0,0,0,88 ,18 
4,1,0,66 ,14 
1,1,0,71 ,12 
13,0,0,72 ,13 
9,1,0,89 ,13 
6,1,1,83 ,14 
1,1,0,82 ,11 
5,0,1,90 ,15 
6,1,0,81 ,14 
14,1,0,88 ,21 
33,1,0,84 ,22 
4,1,0,72 ,14 
6,0,0,76 ,22 
3,0,0,73 ,17 
0,0,0,69 ,16 
2,0,0,86 ,17 
2,1,0,76 ,12 
2,1,0,66 ,17 
6,0,1,81 ,19 
0,1,0,72 ,21 
0,1,0,75 ,18 
17,1,0,84 ,16 
15,1,0,81 ,18 
5,0,0,75 ,18 
7,0,0,72 ,18 
0,0,0,76 ,18 
3,0,0,77 ,20 
2,0,1,93 ,8 
9,1,0,76 ,13 
7,0,0,84 ,21 
29,0,0,77 ,15 
8,0,1,91 ,9 
2,1,0,94 ,17 
3,0,0,85 ,17 
15,0,1,81 ,21 
14,0,1,79 ,17 
3,1,0,86 ,13 
7,1,0,86 ,11 
35,0,1,76 ,17 
1,1,0,81 ,22 
5,0,0,92 ,12 
12,0,1,70 ,13 
12,0,1,88 ,11 
5,0,0,91 ,21 
3,1,0,80 ,20 
1,1,0,77 ,13 
13,1,0,82 ,14 
2,0,0,71 ,15 
10,0,0,84 ,19 
6,1,0,80 ,23 
1,1,0,83 ,20 
5,1,0,80 ,20 
4,0,1,87 ,5 
7,1,0,73 ,12 
13,1,0,77 ,15 
0,1,0,81 ,18 
10,1,0,69 ,18 
6,1,0,68 ,17 
5,0,0,89 ,16 
0,1,0,81 ,23 
1,1,0,76 ,13 
4,1,0,83 ,22 
9,1,0,84 ,22 
14,0,0,67 ,13 
8,0,0,78 ,15 
13,1,0,73 ,13 
0,0,0,77 ,14 
4,0,0,83 ,15 
10,0,0,88 ,15 
0,0,0,87 ,25 
4,1,0,78 ,18 
20,1,0,77 ,13 
15,0,0,78 ,15 
8,0,0,78 ,20 
17,0,0,82 ,15 
1,0,0,77 ,10 
2,1,0,84 ,21 
2,0,0,80 ,17 
6,1,0,70 ,17 
3,0,0,81 ,17 
4,1,0,80 ,8 
4,1,0,88 ,16 
9,0,1,89 ,6 
20,1,0,77 ,17 
2,1,0,75 ,22 
14,1,0,91 ,22 
2,0,0,86 ,13 
4,0,0,85 ,8 
1,1,0,68 ,20 
1,1,0,91 ,21 
4,1,0,69 ,16 
9,1,0,87 ,23 
0,1,0,89 ,22 
12,0,0,84 ,21 
9,0,0,83 ,24 
0,0,1,74 ,19 
0,1,0,72 ,22 
4,0,0,88 ,12 
6,0,1,75 ,16 
4,1,0,80 ,16 
7,1,0,81 ,19 
1,0,0,76 ,17 
10,1,0,86 ,20 
0,1,0,73 ,16 
14,0,0,88 ,18 
27,0,0,83 ,19 
10,0,0,75 ,18 
3,1,0,74 ,24 
2,1,0,77 ,24 
8,1,0,88 ,12 
3,1,0,87 ,14 
2,0,1,79 ,3 
6,1,0,69 ,13 
2,0,1,72 ,17 
0,0,0,81 ,24 
6,0,1,73 ,19 
5,0,0,75 ,17 
0,0,0,72 ,21 
2,0,0,91 ,23 
4,0,0,70 ,10 
1,0,0,72 ,14 
1,1,0,76 ,14 
5,0,0,69 ,16 
3,0,0,70 ,18 
4,0,0,77 ,19 
16,0,0,73 ,14 
8,0,0,72 ,18 
7,1,0,72 ,19 
11,0,0,86 ,25 
2,0,0,76 ,17 
7,1,0,89 ,19 
2,1,0,77 ,19 
8,1,0,67 ,14 
3,0,1,82 ,13 
0,0,0,76 ,14 
4,1,0,71 ,15 
4,0,0,76 ,5 
5,0,0,72 ,9 
2,0,0,81 ,13 
7,1,0,77 ,24 
5,0,0,76 ,22 
14,0,1,78 ,17 
0,0,1,83 ,12 
0,0,1,73 ,15 
0,0,1,66 ,13 
7,0,1,90 ,20 
3,0,0,85 ,13 
9,0,0,80 ,13 
10,0,0,75 ,20 
6,0,0,74 ,22 
4,0,0,95 ,18 
10,1,0,83 ,22 
11,1,0,83 ,18 
12,1,0,74 ,18 
2,0,0,71 ,14 
1,0,0,65 ,13 
8,0,0,78 ,18 
