y,x1,x2,x3,x4,x5,x6,x7
0,0,63 ,0,0,13 ,0,0
0,0,60 ,0,0,12 ,0,0
0,1,60 ,1,0,13 ,0,0
0,0,63 ,0,0,10 ,0,0
0,0,54 ,0,0,9 ,0,0
0,1,62 ,1,0,13 ,1,0
0,0,59 ,0,0,5 ,1,0
0,0,59 ,0,0,11 ,0,0
0,0,65 ,0,0,15 ,0,0
0,0,59 ,0,0.101,13 ,0,0
0,0,60 ,0,0.12,12 ,0,0
1,1,62 ,1,0.124,12 ,0,0
0,0,64 ,0,0.2,11 ,1,0
0,0,59 ,0,0.2,11 ,1,0
0,0,58 ,0,0.24,9 ,0,0
0,0,62 ,0,0.396,15 ,0,0
1,0,66 ,1,0.4,14 ,0,0
1,0,64 ,1,0.5,17 ,0,0
0,0,68 ,0,0.528,9 ,0,1
1,0,70 ,1,0.6,10 ,0,0
0,0,60 ,0,0.7,12 ,1,0
0,0,59 ,0,0.7,10 ,1,0
0,0,66 ,1,0.768,12 ,0,0
0,0,61 ,1,0.78,9 ,0,0
0,0,69 ,0,0.912,5 ,0,0
0,0,67 ,0,1,9 ,1,0
0,0,64 ,0,1.02,7 ,1,0
0,0,66 ,0,1.116,5 ,0,1
0,0,66 ,1,1.248,1 ,0,0
0,0,62 ,0,1.26,6 ,1,0
0,0,64 ,0,1.34,14 ,0,0
0,0,69 ,1,1.344,11 ,0,0
0,0,65 ,1,1.544,4 ,0,0
0,0,66 ,0,1.68,3 ,0,1
0,0,66 ,0,1.824,1 ,1,0
0,0,66 ,0,2.06,13 ,0,0
0,1,69 ,0,2.136,13 ,0,1
0,0,64 ,0,2.304,13 ,0,0
0,0,60 ,1,2.34,7 ,0,1
0,0,66 ,0,2.364,4 ,0,1
0,1,72 ,0,2.436,9 ,1,0
0,0,66 ,0,2.725,11 ,0,0
0,0,66 ,0,2.76,2 ,0,1
0,1,66 ,0,2.8,11 ,0,0
0,1,68 ,0,2.802,11 ,0,0
0,0,57 ,0,2.88,4 ,0,1
0,0,64 ,0,3.05,8 ,0,0
0,0,67 ,1,3.154,7 ,0,1
0,0,59 ,0,3.18,14 ,0,0
0,1,70 ,0,3.36,5 ,1,0
0,0,68 ,1,3.36,7 ,1,0
0,0,61 ,0,3.456,12 ,0,0
0,0,66 ,0,3.576,11 ,0,0
0,0,60 ,0,3.6,13 ,0,0
0,0,64 ,0,3.648,3 ,1,1
0,0,66 ,1,3.672,18 ,1,0
0,1,67 ,0,3.72,13 ,0,1
0,0,58 ,0,3.804,11 ,0,0
1,0,59 ,1,3.804,13 ,1,0
0,1,67 ,1,3.816,12 ,0,0
0,0,54 ,0,3.84,13 ,1,0
0,0,59 ,0,3.84,9 ,1,0
0,1,68 ,1,3.912,5 ,0,1
0,1,67 ,0,3.96,12 ,0,0
0,0,68 ,1,4.032,10 ,0,0
0,1,66 ,1,4.056,12 ,0,0
0,1,65 ,1,4.056,13 ,1,0
0,0,65 ,0,4.188,9 ,0,0
1,1,67 ,1,4.248,13 ,0,0
0,1,68 ,1,4.32,4 ,1,1
1,1,65 ,1,4.489,13 ,0,0
0,1,66 ,0,4.5,9 ,0,0
0,0,63 ,0,4.524,13 ,1,0
0,1,66 ,0,4.572,12 ,0,0
0,0,61 ,0,4.632,9 ,0,0
0,1,67 ,1,4.716,14 ,0,0
0,1,63 ,1,4.764,13 ,0,0
0,0,60 ,0,4.8,12 ,0,0
0,0,69 ,1,4.8,6 ,0,0
1,0,63 ,0,4.896,8 ,1,0
0,1,67 ,0,4.958,9 ,0,0
0,0,67 ,1,4.964,10 ,0,0
0,1,68 ,1,4.98,12 ,0,0
1,0,67 ,0,4.992,12 ,0,0
0,0,61 ,0,5.044,11 ,0,0
0,1,60 ,1,5.108,9 ,0,0
0,0,61 ,1,5.186,12 ,0,0
0,0,66 ,1,5.254,11 ,0,0
0,0,68 ,0,5.304,5 ,0,0
0,1,67 ,1,5.328,3 ,0,1
0,0,63 ,0,5.328,8 ,0,0
0,0,76 ,0,5.4,1 ,1,0
0,0,66 ,0,5.4,11 ,0,0
0,1,69 ,0,5.424,13 ,0,0
0,0,66 ,0,5.461,12 ,0,0
0,0,62 ,0,5.532,5 ,0,0
0,0,67 ,1,5.544,9 ,0,0
0,0,69 ,0,5.58,12 ,0,0
0,0,60 ,1,5.604,12 ,0,0
0,0,68 ,0,5.664,14 ,0,0
0,1,69 ,1,5.664,18 ,0,0
0,1,69 ,1,5.669,18 ,1,0
1,1,64 ,0,5.688,10 ,1,0
0,1,67 ,0,5.724,8 ,0,0
0,1,66 ,0,5.736,11 ,0,0
0,1,69 ,0,5.76,8 ,1,0
0,0,68 ,1,5.82,16 ,0,0
1,0,68 ,1,5.82,15 ,1,0
0,1,69 ,1,5.842,8 ,0,0
0,1,67 ,1,5.856,12 ,0,0
1,0,68 ,1,5.876,15 ,1,0
0,1,69 ,0,5.904,1 ,0,0
0,1,80 ,1,5.952,0 ,1,0
0,0,63 ,0,5.952,8 ,1,0
0,1,68 ,1,5.976,14 ,0,0
0,0,66 ,0,5.988,10 ,0,0
0,1,69 ,0,5.988,12 ,0,0
1,0,60 ,0,6,12 ,1,0
0,0,65 ,0,6,2 ,0,0
1,0,63 ,0,6,13 ,0,0
0,0,69 ,1,6,10 ,0,0
0,0,60 ,0,6,11 ,1,0
0,0,63 ,1,6,12 ,0,0
0,1,62 ,1,6,12 ,0,0
0,1,60 ,0,6,9 ,1,0
0,0,64 ,0,6.012,5 ,1,1
0,1,73 ,0,6.012,1 ,1,1
0,1,69 ,1,6.036,9 ,1,1
0,0,66 ,1,6.036,13 ,0,0
0,0,59 ,0,6.108,12 ,0,0
0,0,66 ,0,6.12,10 ,0,0
0,0,65 ,0,6.12,12 ,0,0
0,0,65 ,0,6.144,9 ,0,0
0,0,62 ,0,6.144,4 ,0,0
0,0,61 ,0,6.144,10 ,0,1
0,0,65 ,0,6.156,2 ,0,1
0,1,68 ,0,6.172,13 ,0,0
0,0,68 ,0,6.192,7 ,0,0
0,0,63 ,1,6.24,6 ,0,0
0,1,68 ,0,6.264,15 ,0,0
0,0,67 ,0,6.264,2 ,0,1
0,0,68 ,0,6.288,11 ,0,0
0,1,66 ,0,6.324,12 ,0,0
0,0,62 ,0,6.336,12 ,0,0
0,0,68 ,0,6.336,8 ,0,0
0,0,60 ,0,6.336,5 ,0,1
0,1,66 ,1,6.336,11 ,0,1
0,0,66 ,0,6.348,7 ,0,0
0,0,67 ,0,6.36,3 ,0,1
0,1,68 ,1,6.36,6 ,1,1
0,0,66 ,1,6.372,6 ,0,1
0,0,67 ,1,6.384,6 ,0,1
0,1,67 ,0,6.384,7 ,0,0
0,0,69 ,0,6.384,7 ,0,0
0,0,69 ,0,6.384,10 ,0,0
0,0,68 ,1,6.384,11 ,0,0
0,0,69 ,0,6.384,10 ,0,0
0,0,63 ,0,6.384,11 ,0,0
0,0,64 ,0,6.384,1 ,0,0
0,0,60 ,0,6.384,2 ,0,0
0,1,67 ,0,6.396,9 ,0,0
0,0,60 ,0,6.42,11 ,0,0
0,1,68 ,0,6.456,8 ,0,1
0,0,67 ,0,6.456,2 ,0,1
0,0,64 ,1,6.464,8 ,0,0
0,1,66 ,0,6.471,18 ,1,1
0,0,61 ,0,6.504,13 ,0,0
0,0,68 ,0,6.528,12 ,0,0
0,1,58 ,1,6.528,11 ,0,0
0,0,68 ,0,6.54,12 ,0,0
0,0,69 ,0,6.552,9 ,0,0
0,1,67 ,0,6.564,7 ,0,0
0,0,63 ,0,6.585,10 ,0,0
0,0,62 ,0,6.588,11 ,0,0
0,1,65 ,1,6.6,6 ,0,0
0,0,62 ,0,6.612,7 ,0,0
0,0,66 ,0,6.624,5 ,0,0
0,1,65 ,1,6.628,13 ,0,0
0,1,67 ,0,6.648,12 ,1,1
0,1,67 ,1,6.66,9 ,0,0
0,1,67 ,1,6.66,11 ,0,0
0,0,65 ,1,6.66,14 ,0,0
0,0,65 ,0,6.672,12 ,0,0
0,1,69 ,1,6.672,9 ,0,0
0,1,68 ,1,6.68,12 ,1,0
0,1,67 ,0,6.682,13 ,0,0
0,0,68 ,0,6.696,3 ,0,0
0,0,66 ,0,6.706,11 ,0,0
0,1,70 ,1,6.708,12 ,0,0
0,0,62 ,1,6.72,12 ,0,0
0,0,68 ,0,6.756,8 ,0,1
0,0,63 ,0,6.756,11 ,0,0
0,1,66 ,0,6.768,12 ,0,0
0,1,67 ,0,6.768,13 ,0,0
0,1,66 ,0,6.792,7 ,1,1
0,1,69 ,1,6.794,10 ,0,0
0,0,66 ,1,6.8,3 ,0,1
0,0,61 ,0,6.804,12 ,0,0
0,1,69 ,0,6.804,11 ,0,0
0,1,71 ,0,6.84,4 ,1,1
0,1,68 ,0,6.892,10 ,0,0
0,1,69 ,1,6.924,8 ,0,0
0,1,67 ,0,6.924,10 ,0,0
0,0,59 ,1,6.957,8 ,1,0
0,0,62 ,0,6.972,11 ,1,0
0,1,68 ,0,6.972,4 ,0,1
0,0,56 ,0,6.972,10 ,1,0
0,0,69 ,1,7,14 ,0,0
0,1,68 ,1,7.032,12 ,0,0
0,1,68 ,0,7.152,10 ,0,0
0,1,65 ,0,7.188,9 ,0,0
0,1,68 ,0,7.19,13 ,0,0
1,1,64 ,0,7.2,18 ,0,0
0,1,67 ,1,7.2,9 ,1,1
0,0,61 ,0,7.2,12 ,0,0
0,0,60 ,1,7.2,12 ,0,1
1,1,69 ,1,7.2,12 ,1,1
0,0,63 ,0,7.2,11 ,0,0
0,0,59 ,1,7.244,15 ,0,0
0,1,67 ,0,7.248,13 ,0,0
0,1,67 ,1,7.328,10 ,0,0
0,1,71 ,0,7.344,11 ,0,0
0,1,68 ,0,7.38,6 ,1,0
0,0,66 ,0,7.392,7 ,0,1
0,0,65 ,0,7.416,2 ,0,1
0,1,67 ,0,7.428,11 ,0,0
0,0,68 ,1,7.476,3 ,0,1
0,1,66 ,0,7.53,10 ,0,0
0,0,64 ,0,7.533,11 ,0,1
0,0,65 ,0,7.56,12 ,0,0
0,1,69 ,1,7.56,12 ,1,0
0,0,63 ,0,7.572,13 ,0,0
0,0,67 ,0,7.656,10 ,0,0
0,0,62 ,0,7.656,3 ,0,0
0,1,68 ,0,7.68,7 ,1,0
0,1,67 ,0,7.692,11 ,0,0
0,0,66 ,1,7.7,4 ,1,0
0,1,70 ,0,7.7,1 ,1,0
0,1,69 ,1,7.7,4 ,1,1
0,1,69 ,1,7.704,8 ,0,0
0,0,61 ,1,7.743,14 ,0,0
0,0,68 ,1,7.764,13 ,0,0
0,0,68 ,0,7.788,11 ,0,0
0,1,67 ,1,7.8,13 ,0,0
0,1,66 ,1,7.81,8 ,0,0
0,1,67 ,1,7.848,11 ,0,0
0,0,60 ,0,7.86,9 ,0,0
0,0,69 ,0,7.896,8 ,0,0
0,1,75 ,1,7.912,14 ,0,0
0,1,75 ,1,7.92,1 ,1,1
0,1,68 ,1,7.928,11 ,0,0
0,1,67 ,1,7.956,11 ,0,0
0,0,64 ,0,7.973,11 ,0,1
0,1,66 ,0,7.98,11 ,0,0
0,1,68 ,0,7.992,13 ,0,0
0,1,67 ,0,8.04,12 ,0,0
0,1,68 ,0,8.052,3 ,0,0
0,0,64 ,0,8.065,11 ,0,0
0,1,65 ,0,8.096,16 ,0,0
0,0,68 ,1,8.112,7 ,0,0
0,0,67 ,0,8.136,10 ,0,0
0,0,67 ,1,8.136,11 ,0,1
0,0,59 ,0,8.172,10 ,0,0
0,1,79 ,1,8.196,1 ,0,0
0,1,67 ,1,8.2,13 ,0,0
0,0,67 ,0,8.208,3 ,1,1
0,0,68 ,0,8.229,5 ,0,0
0,0,59 ,0,8.244,13 ,0,0
0,1,70 ,1,8.28,12 ,0,0
0,1,67 ,0,8.292,2 ,0,0
0,1,75 ,0,8.304,1 ,1,1
0,1,77 ,0,8.352,0 ,1,1
0,1,69 ,1,8.4,9 ,0,1
0,1,69 ,1,8.4,13 ,0,0
0,0,61 ,1,8.4,15 ,0,0
0,0,67 ,1,8.4,7 ,0,0
0,1,72 ,0,8.4,9 ,0,1
0,1,69 ,0,8.4,12 ,0,0
0,1,66 ,0,8.4,9 ,1,1
0,0,62 ,1,8.4,13 ,0,0
0,1,67 ,0,8.4,5 ,1,1
0,1,64 ,1,8.408,15 ,0,0
0,0,69 ,1,8.424,7 ,1,1
0,1,72 ,1,8.424,15 ,1,1
0,0,64 ,1,8.424,13 ,0,0
0,0,65 ,0,8.436,13 ,0,0
0,0,65 ,0,8.452,11 ,0,0
0,1,68 ,1,8.457,13 ,0,0
0,0,69 ,0,8.472,0 ,1,1
0,1,68 ,1,8.484,13 ,0,1
0,1,65 ,0,8.544,11 ,1,0
0,0,65 ,0,8.556,13 ,0,0
0,1,67 ,0,8.556,12 ,0,0
0,0,63 ,0,8.58,11 ,0,0
1,0,68 ,0,8.589,15 ,0,0
0,0,59 ,0,8.6,9 ,1,0
0,1,67 ,1,8.676,6 ,0,0
1,1,69 ,0,8.688,3 ,0,0
0,0,69 ,0,8.7,10 ,0,0
0,0,63 ,0,8.712,9 ,0,0
0,1,66 ,1,8.724,15 ,0,0
0,1,75 ,1,8.796,8 ,1,0
0,0,67 ,0,8.797,12 ,0,0
0,1,67 ,0,8.808,10 ,0,0
0,1,64 ,0,8.82,10 ,1,0
0,0,69 ,1,8.82,18 ,0,0
0,0,59 ,0,8.82,12 ,0,0
0,0,66 ,0,8.82,9 ,0,0
0,1,67 ,1,8.856,10 ,0,0
0,0,64 ,0,8.892,9 ,0,0
0,1,68 ,0,8.928,10 ,0,0
0,0,67 ,0,8.94,5 ,1,0
0,1,68 ,0,8.94,6 ,1,1
0,0,58 ,0,8.964,12 ,0,0
0,1,65 ,0,8.976,15 ,0,0
0,1,69 ,1,8.988,3 ,1,1
0,0,68 ,0,8.988,2 ,1,1
0,0,65 ,0,8.996,15 ,0,0
0,1,66 ,1,9,16 ,0,0
1,0,67 ,0,9.03,13 ,1,0
0,1,67 ,1,9.06,8 ,1,0
0,0,76 ,0,9.06,12 ,1,0
0,0,64 ,0,9.06,10 ,1,0
0,1,67 ,1,9.072,5 ,1,1
0,0,68 ,0,9.072,13 ,0,1
0,1,66 ,1,9.084,10 ,0,0
0,0,68 ,1,9.1,10 ,0,0
1,0,70 ,1,9.112,13 ,0,0
0,1,68 ,1,9.12,12 ,0,0
0,0,69 ,1,9.204,8 ,1,1
0,0,65 ,0,9.204,3 ,1,1
0,0,78 ,0,9.208,7 ,1,1
0,0,70 ,1,9.228,12 ,0,0
0,1,62 ,1,9.246,12 ,0,0
0,1,61 ,0,9.256,2 ,1,0
0,1,65 ,0,9.276,12 ,0,0
1,0,63 ,0,9.288,9 ,0,0
0,1,60 ,1,9.3,13 ,0,0
0,0,58 ,0,9.3,13 ,0,0
0,1,69 ,1,9.32,7 ,0,1
0,0,66 ,0,9.324,6 ,1,1
0,0,71 ,0,9.324,5 ,1,1
1,1,67 ,1,9.36,13 ,1,0
0,1,65 ,1,9.392,13 ,0,0
0,0,60 ,0,9.396,5 ,0,0
0,0,63 ,1,9.408,11 ,0,0
0,1,67 ,0,9.408,12 ,0,0
0,1,68 ,0,9.42,9 ,1,0
0,1,76 ,0,9.42,9 ,1,0
0,0,60 ,1,9.436,15 ,0,0
0,1,69 ,1,9.45,13 ,1,1
0,0,59 ,0,9.492,8 ,1,0
0,1,71 ,1,9.504,6 ,1,0
0,1,66 ,1,9.55,14 ,0,0
0,1,68 ,1,9.564,14 ,0,0
0,0,67 ,0,9.564,15 ,0,0
0,0,67 ,1,9.57,9 ,0,0
0,0,66 ,0,9.6,6 ,0,0
0,0,74 ,1,9.6,9 ,1,1
0,0,60 ,1,9.6,6 ,1,0
0,1,64 ,0,9.6,13 ,0,1
0,1,65 ,0,9.6,10 ,1,0
0,0,60 ,1,9.6,9 ,1,0
0,0,61 ,1,9.6,11 ,1,0
0,1,68 ,1,9.6,1 ,1,1
0,0,63 ,0,9.612,9 ,0,0
0,0,60 ,0,9.636,12 ,0,0
0,0,68 ,1,9.64,4 ,1,1
0,0,64 ,1,9.732,11 ,0,0
0,0,62 ,0,9.732,14 ,0,0
0,0,58 ,0,9.768,16 ,0,1
0,0,60 ,0,9.776,12 ,0,0
0,1,65 ,0,9.779,13 ,0,0
0,1,77 ,1,9.78,3 ,1,0
0,0,68 ,0,9.78,10 ,1,0
0,1,65 ,0,9.796,6 ,0,0
0,0,66 ,1,9.8,11 ,0,0
0,1,69 ,1,9.812,13 ,0,0
0,0,66 ,0,9.815,7 ,0,1
0,1,79 ,0,9.898,7 ,1,0
0,1,67 ,1,9.936,9 ,0,0
0,1,66 ,0,9.948,12 ,0,0
0,0,66 ,0,9.972,5 ,1,0
1,0,60 ,1,10,8 ,0,0
0,0,68 ,1,10.044,12 ,0,0
0,0,62 ,0,10.056,11 ,1,0
0,0,64 ,1,10.068,12 ,1,0
0,0,69 ,1,10.076,13 ,0,0
1,1,69 ,1,10.08,13 ,0,0
0,1,66 ,0,10.1,13 ,1,0
0,0,69 ,1,10.104,10 ,0,0
0,0,56 ,0,10.14,9 ,0,0
0,1,68 ,0,10.2,12 ,0,0
0,1,65 ,0,10.224,11 ,0,1
0,1,68 ,0,10.26,13 ,0,0
0,1,69 ,0,10.26,8 ,0,0
1,0,65 ,0,10.272,9 ,0,0
0,1,68 ,0,10.284,13 ,0,0
1,1,68 ,1,10.34,13 ,1,0
1,1,69 ,1,10.344,9 ,0,0
0,1,65 ,1,10.356,14 ,0,1
0,1,66 ,1,10.356,10 ,0,0
0,0,65 ,1,10.392,10 ,0,0
0,1,69 ,1,10.392,11 ,0,1
0,0,68 ,0,10.392,2 ,1,1
0,1,65 ,1,10.409,11 ,0,1
0,1,67 ,0,10.476,10 ,0,0
0,0,67 ,1,10.5,13 ,1,0
0,1,68 ,1,10.5,4 ,0,0
0,1,83 ,0,10.5,10 ,1,0
0,1,68 ,1,10.532,12 ,0,0
0,1,66 ,0,10.56,13 ,0,0
0,0,64 ,0,10.568,8 ,1,1
0,0,68 ,0,10.608,12 ,0,0
0,1,66 ,1,10.621,13 ,0,0
0,1,71 ,0,10.668,11 ,1,0
0,1,67 ,0,10.668,13 ,1,0
0,1,68 ,1,10.68,13 ,0,0
0,1,68 ,1,10.704,13 ,0,0
0,1,82 ,1,10.72,8 ,0,0
0,0,66 ,1,10.744,12 ,0,0
0,0,67 ,1,10.776,12 ,0,0
0,1,67 ,1,10.78,12 ,1,0
1,0,64 ,1,10.788,14 ,0,0
0,0,71 ,0,10.788,0 ,1,1
1,1,72 ,1,10.8,12 ,1,0
0,1,67 ,1,10.8,13 ,1,0
0,1,68 ,1,10.8,14 ,0,0
0,1,67 ,1,10.8,9 ,1,0
0,1,72 ,1,10.824,14 ,0,0
1,1,65 ,1,10.856,15 ,1,0
0,1,66 ,1,10.86,15 ,0,0
0,1,68 ,1,10.872,12 ,0,0
0,1,66 ,1,10.896,8 ,0,0
0,1,66 ,1,10.92,13 ,0,0
1,1,68 ,1,10.92,13 ,0,0
0,1,69 ,0,10.932,11 ,0,0
0,1,71 ,0,10.94,10 ,0,0
0,0,69 ,0,11.028,9 ,0,1
0,0,68 ,0,11.028,7 ,0,0
0,1,76 ,0,11.052,11 ,1,0
0,1,69 ,1,11.1,13 ,0,0
0,0,65 ,0,11.112,9 ,1,0
0,1,67 ,0,11.112,9 ,1,0
0,0,70 ,1,11.172,4 ,1,0
0,0,62 ,0,11.208,6 ,1,0
0,1,67 ,0,11.256,12 ,0,0
0,0,61 ,1,11.296,12 ,1,0
0,1,71 ,1,11.322,9 ,0,0
0,1,69 ,0,11.324,10 ,1,0
0,1,68 ,1,11.324,11 ,1,0
0,0,62 ,0,11.328,11 ,0,0
0,1,66 ,0,11.352,10 ,0,0
0,0,66 ,0,11.364,8 ,0,0
0,1,73 ,0,11.4,13 ,0,0
0,1,71 ,1,11.4,12 ,0,0
0,1,69 ,0,11.4,12 ,0,0
0,1,67 ,1,11.443,13 ,0,0
0,0,74 ,0,11.468,7 ,1,0
0,1,67 ,0,11.468,13 ,1,0
0,0,62 ,0,11.476,9 ,0,0
0,1,65 ,0,11.544,10 ,1,0
0,0,72 ,0,11.544,7 ,1,0
0,0,68 ,1,11.568,17 ,0,0
0,1,72 ,0,11.568,16 ,1,1
0,1,68 ,0,11.58,10 ,0,1
0,0,65 ,1,11.652,11 ,0,0
0,0,60 ,0,11.688,3 ,0,0
0,1,70 ,1,11.7,12 ,0,0
0,0,60 ,1,11.736,13 ,0,0
0,1,66 ,1,11.748,13 ,0,0
0,1,66 ,1,11.76,12 ,1,0
0,1,71 ,1,11.76,13 ,0,0
0,1,68 ,0,11.76,8 ,1,0
0,0,68 ,0,11.76,7 ,0,0
0,1,69 ,0,11.784,12 ,0,0
0,1,66 ,1,11.808,13 ,0,0
0,1,68 ,0,11.836,5 ,1,0
0,1,68 ,0,11.836,12 ,1,0
0,0,64 ,1,11.856,5 ,1,1
0,1,65 ,1,11.88,12 ,1,0
0,0,61 ,0,11.916,8 ,1,0
0,0,65 ,0,11.946,4 ,1,0
0,0,58 ,0,11.952,17 ,0,0
0,0,67 ,0,11.96,5 ,0,0
0,1,59 ,1,11.964,10 ,1,0
0,0,69 ,0,11.964,13 ,1,0
0,1,73 ,1,11.978,12 ,0,0
0,1,65 ,1,12,13 ,1,0
0,0,65 ,0,12,3 ,1,0
0,0,64 ,1,12,7 ,1,0
0,1,67 ,1,12,7 ,0,0
0,0,65 ,0,12.024,9 ,1,0
0,1,69 ,1,12.036,11 ,0,0
1,1,69 ,0,12.056,15 ,1,1
0,1,60 ,0,12.056,15 ,1,0
0,1,73 ,0,12.096,10 ,1,0
0,0,68 ,1,12.096,8 ,1,0
0,0,65 ,1,12.1,12 ,0,0
0,0,62 ,0,12.12,13 ,1,0
0,1,65 ,0,12.144,11 ,1,0
1,1,67 ,0,12.144,13 ,0,0
0,1,68 ,1,12.148,12 ,0,0
0,0,68 ,1,12.148,9 ,1,0
0,1,68 ,1,12.148,12 ,1,0
0,0,63 ,0,12.156,12 ,0,0
0,0,65 ,0,12.156,13 ,1,0
1,0,69 ,1,12.172,12 ,0,0
0,1,64 ,1,12.192,12 ,1,0
0,0,71 ,0,12.204,13 ,1,0
1,1,69 ,1,12.216,15 ,1,0
0,0,60 ,0,12.224,12 ,0,0
0,1,81 ,0,12.24,3 ,1,1
0,0,62 ,0,12.307,11 ,0,0
0,1,68 ,1,12.332,11 ,0,0
0,0,66 ,1,12.336,10 ,0,0
0,1,69 ,1,12.344,17 ,0,0
0,0,63 ,0,12.36,10 ,1,0
0,1,69 ,1,12.36282,13 ,1,0
0,1,66 ,0,12.36282,9 ,1,0
1,1,72 ,1,12.4,12 ,1,0
0,1,69 ,1,12.432,9 ,0,0
0,0,70 ,1,12.432,8 ,1,0
0,1,66 ,1,12.432,7 ,1,0
0,1,65 ,0,12.451,10 ,0,0
0,0,66 ,1,12.468,13 ,0,0
0,1,74 ,0,12.572,2 ,1,1
0,1,65 ,0,12.576,12 ,1,0
0,1,69 ,0,12.6,16 ,1,0
0,1,59 ,0,12.6,2 ,0,0
0,0,67 ,1,12.6,8 ,1,0
0,1,65 ,0,12.6,12 ,1,0
0,0,66 ,1,12.6,8 ,1,0
0,0,66 ,1,12.608,10 ,0,0
0,0,60 ,0,12.636,10 ,0,1
0,0,68 ,0,12.684,10 ,1,0
0,1,70 ,0,12.684,4 ,1,0
1,1,67 ,1,12.71,18 ,0,0
1,0,65 ,1,12.732,12 ,0,0
1,1,66 ,1,12.752,15 ,0,0
0,0,69 ,0,12.768,7 ,1,1
0,1,79 ,0,12.768,4 ,1,1
0,1,68 ,0,12.8,11 ,0,0
0,0,65 ,1,12.86,12 ,0,0
0,0,61 ,0,12.864,12 ,0,0
1,0,65 ,1,12.88,11 ,1,0
0,1,68 ,0,12.888,6 ,1,1
0,0,69 ,0,12.888,5 ,1,1
0,1,68 ,1,12.944,13 ,0,0
0,0,65 ,1,13.032,15 ,0,0
0,1,66 ,0,13.064,8 ,0,0
0,1,67 ,0,13.068,7 ,1,0
0,0,65 ,0,13.152,1 ,1,1
0,0,69 ,0,13.152,1 ,1,1
0,0,64 ,0,13.154,10 ,1,1
0,0,61 ,0,13.186,13 ,1,1
1,0,63 ,0,13.2,11 ,1,0
1,1,67 ,1,13.212,14 ,0,0
0,1,69 ,0,13.236,13 ,1,0
0,0,68 ,1,13.236,12 ,1,0
0,1,64 ,0,13.242,10 ,1,0
0,0,70 ,1,13.26,8 ,1,1
0,0,72 ,1,13.26,9 ,1,1
0,1,68 ,1,13.272,15 ,0,0
0,1,63 ,0,13.284,11 ,1,0
1,0,65 ,1,13.308,12 ,0,0
1,1,77 ,1,13.31,13 ,1,0
0,1,78 ,0,13.32,8 ,1,0
0,1,66 ,0,13.32,12 ,1,0
0,0,68 ,1,13.34,13 ,0,0
0,1,65 ,0,13.343,9 ,1,0
1,1,68 ,0,13.35282,13 ,0,0
0,1,67 ,1,13.353,6 ,1,0
0,0,59 ,0,13.356,9 ,1,0
0,1,69 ,0,13.356,11 ,0,0
0,1,65 ,1,13.356,12 ,1,0
1,0,65 ,1,13.372,14 ,0,0
1,1,67 ,1,13.392,11 ,0,0
0,0,63 ,1,13.392,7 ,1,0
0,1,71 ,1,13.395,13 ,0,1
0,0,66 ,1,13.4,8 ,0,1
1,1,65 ,1,13.412,12 ,0,0
0,1,57 ,0,13.44,11 ,0,0
0,0,68 ,1,13.448,13 ,0,0
0,1,62 ,0,13.512,14 ,1,0
1,1,68 ,1,13.552,13 ,0,0
1,1,69 ,1,13.562,15 ,0,0
0,0,60 ,0,13.616,12 ,1,0
0,1,63 ,0,13.616,10 ,1,0
0,0,67 ,1,13.746,11 ,0,0
0,0,71 ,0,13.776,13 ,0,0
0,0,60 ,1,13.8,9 ,1,1
0,1,69 ,1,13.8,6 ,1,1
1,1,66 ,1,13.8,14 ,0,0
0,0,70 ,1,13.8,12 ,1,0
0,0,67 ,1,13.8,12 ,1,0
0,0,65 ,1,13.812,12 ,0,0
0,0,69 ,0,13.824,10 ,1,0
1,1,69 ,1,13.828,9 ,1,0
0,1,67 ,1,13.836,10 ,0,0
0,0,64 ,0,13.86,12 ,1,0
0,1,68 ,1,13.86,14 ,1,0
0,1,67 ,1,13.888,13 ,0,0
0,0,69 ,0,13.908,1 ,1,1
0,0,77 ,1,13.912,13 ,0,0
0,1,68 ,1,13.92,13 ,1,1
0,1,65 ,0,13.92,9 ,1,0
0,1,76 ,1,13.92,12 ,1,1
0,0,60 ,1,13.92,8 ,1,0
0,1,79 ,1,14,11 ,1,0
0,1,68 ,0,14.02,6 ,1,0
0,1,69 ,1,14.02,8 ,1,0
1,0,59 ,0,14.024,15 ,1,0
0,1,62 ,0,14.04,9 ,1,0
0,0,66 ,1,14.04,11 ,1,0
0,1,65 ,0,14.04,4 ,1,0
0,1,69 ,1,14.04,13 ,1,0
1,1,73 ,0,14.04,12 ,1,0
1,1,68 ,1,14.052,13 ,0,1
1,1,66 ,1,14.076,12 ,1,0
1,0,66 ,1,14.076,11 ,1,0
1,1,65 ,1,14.101,9 ,0,0
0,0,65 ,0,14.12,13 ,0,0
0,0,59 ,1,14.124,12 ,0,0
0,0,68 ,0,14.126,5 ,1,1
0,1,68 ,1,14.128,9 ,0,0
0,1,79 ,1,14.148,12 ,1,1
0,0,68 ,1,14.148,3 ,1,1
0,0,65 ,1,14.168,13 ,0,0
0,0,68 ,0,14.2,13 ,1,0
0,0,72 ,1,14.2,8 ,1,0
1,0,68 ,1,14.208,9 ,0,0
0,1,66 ,0,14.24,17 ,0,0
1,0,64 ,1,14.25,4 ,1,1
0,1,68 ,0,14.25,3 ,1,1
0,1,73 ,1,14.316,12 ,1,0
1,0,72 ,0,14.364,11 ,0,0
0,1,68 ,1,14.364,9 ,0,0
0,0,66 ,1,14.4,12 ,1,0
0,0,67 ,0,14.4,13 ,1,0
0,1,69 ,1,14.4,14 ,0,1
0,1,68 ,1,14.4,11 ,1,0
0,1,70 ,1,14.4,5 ,1,0
0,1,70 ,0,14.4,5 ,1,0
0,0,69 ,1,14.432,13 ,1,0
0,1,70 ,1,14.46,18 ,1,0
0,1,69 ,0,14.496,10 ,0,0
0,1,74 ,1,14.496,16 ,0,0
0,0,65 ,1,14.514,2 ,1,1
0,0,74 ,0,14.52,11 ,1,1
0,0,66 ,0,14.52,3 ,1,1
0,1,68 ,1,14.52,13 ,0,0
0,1,65 ,0,14.532,11 ,0,0
0,1,68 ,1,14.54,16 ,1,0
0,1,67 ,1,14.54,17 ,1,0
0,1,69 ,1,14.58,5 ,1,0
0,1,67 ,1,14.58,11 ,1,0
0,1,66 ,0,14.599,13 ,1,0
0,1,75 ,1,14.616,8 ,1,0
0,1,68 ,0,14.616,12 ,1,0
0,0,53 ,1,14.63328,12 ,1,0
0,1,70 ,0,14.64,9 ,1,0
0,1,66 ,1,14.671,15 ,0,0
0,1,65 ,1,14.678,13 ,0,0
0,1,63 ,1,14.7246,12 ,1,0
0,0,64 ,0,14.76,7 ,1,1
0,0,64 ,0,14.76,12 ,1,0
0,0,53 ,0,14.76,4 ,1,1
0,1,67 ,0,14.772,12 ,1,0
0,1,78 ,1,14.772,8 ,1,0
0,0,75 ,1,14.8,11 ,0,0
1,1,66 ,1,14.82,12 ,0,0
0,1,71 ,1,14.836,12 ,1,1
0,1,68 ,1,14.836,14 ,1,1
1,0,68 ,1,14.892,11 ,1,0
0,0,69 ,1,14.9,7 ,0,0
0,1,68 ,1,14.9,13 ,1,0
0,1,69 ,1,14.928,18 ,0,0
1,0,59 ,0,14.956,12 ,0,0
0,1,67 ,1,14.972,13 ,0,0
1,1,62 ,1,14.976,13 ,0,0
0,0,61 ,0,14.98,12 ,0,0
1,1,65 ,1,14.996,13 ,0,0
0,0,68 ,1,15,7 ,1,1
1,1,70 ,1,15.028,12 ,0,0
1,1,69 ,0,15.036,13 ,1,0
0,0,61 ,0,15.1,12 ,1,0
1,1,66 ,1,15.1,15 ,1,0
0,0,61 ,1,15.132,16 ,0,1
1,0,69 ,0,15.132,9 ,1,0
0,1,73 ,1,15.152,13 ,1,0
0,0,67 ,1,15.152,15 ,1,0
0,1,66 ,1,15.204,11 ,0,1
0,0,54 ,0,15.224,15 ,1,0
0,0,63 ,0,15.236,12 ,1,0
0,1,66 ,1,15.26,13 ,0,0
0,1,65 ,0,15.266,11 ,1,0
1,1,65 ,0,15.32,9 ,0,0
0,1,66 ,0,15.34,11 ,1,1
0,0,66 ,1,15.348,8 ,1,1
0,1,71 ,0,15.348,9 ,1,1
0,0,67 ,0,15.35,13 ,0,0
1,1,62 ,0,15.36,11 ,1,0
1,1,68 ,0,15.36,8 ,1,0
0,0,67 ,0,15.364,7 ,0,0
0,1,65 ,1,15.376,12 ,0,0
0,1,67 ,0,15.384,9 ,0,1
0,1,66 ,0,15.4,15 ,0,0
0,1,66 ,1,15.444,4 ,0,1
0,1,68 ,1,15.468,17 ,1,0
1,0,69 ,0,15.48,10 ,0,0
1,1,64 ,1,15.485,10 ,0,0
0,1,68 ,1,15.488,5 ,1,0
0,1,67 ,0,15.492,9 ,0,0
0,0,68 ,1,15.496,14 ,0,0
0,0,67 ,1,15.504,11 ,1,0
0,1,66 ,1,15.516,8 ,1,0
0,0,66 ,1,15.516,11 ,1,0
1,0,62 ,1,15.524,13 ,1,0
1,1,66 ,0,15.55,9 ,0,0
1,1,67 ,0,15.588,13 ,0,0
0,0,72 ,0,15.588,13 ,0,0
0,0,70 ,1,15.6,14 ,1,0
0,1,70 ,1,15.6,13 ,1,0
0,1,68 ,1,15.62,16 ,0,0
0,1,70 ,1,15.66,9 ,1,0
0,1,68 ,1,15.66,10 ,1,0
1,1,70 ,1,15.668,9 ,1,0
1,0,66 ,0,15.668,9 ,1,0
1,0,66 ,0,15.684,12 ,0,0
0,0,69 ,1,15.702,12 ,0,0
0,1,67 ,1,15.75,16 ,1,0
0,1,68 ,1,15.768,13 ,0,0
0,1,65 ,1,15.783,6 ,1,0
0,1,70 ,1,15.8,13 ,0,0
0,0,65 ,1,15.8,12 ,0,0
1,1,65 ,1,15.805,14 ,0,0
0,0,66 ,1,15.828,12 ,1,0
0,1,69 ,1,15.828,15 ,1,0
0,1,66 ,1,15.85,17 ,1,0
0,0,69 ,0,15.85,15 ,1,0
1,0,68 ,1,15.876,8 ,1,0
1,1,80 ,1,15.876,9 ,1,0
0,0,66 ,0,15.9,8 ,1,0
0,1,65 ,1,15.936,11 ,1,0
0,0,65 ,0,15.936,10 ,1,0
0,0,69 ,1,15.944,15 ,0,0
1,1,67 ,0,15.948,12 ,1,0
1,1,68 ,1,15.98,14 ,0,0
0,1,68 ,0,15.996,9 ,1,1
0,1,65 ,0,16.034,13 ,0,0
0,1,69 ,1,16.08,13 ,1,0
0,1,77 ,0,16.08,9 ,1,0
0,1,69 ,0,16.09,14 ,0,0
0,0,59 ,0,16.092,4 ,1,0
0,0,65 ,0,16.194,13 ,0,0
0,1,67 ,0,16.2,8 ,0,0
0,1,67 ,1,16.218,12 ,0,0
0,1,70 ,1,16.22,13 ,0,0
0,0,64 ,0,16.239,13 ,1,0
0,0,65 ,0,16.239,7 ,1,0
0,0,55 ,0,16.26,12 ,1,1
0,1,67 ,0,16.268,10 ,1,0
0,0,65 ,0,16.284,13 ,1,0
0,0,63 ,1,16.284,15 ,1,0
0,1,68 ,1,16.296,11 ,0,0
0,1,65 ,1,16.308,8 ,1,0
0,0,63 ,0,16.308,9 ,1,0
0,1,67 ,1,16.32,11 ,1,0
0,1,75 ,0,16.328,16 ,1,0
0,1,70 ,0,16.372,14 ,0,0
0,0,68 ,1,16.404,11 ,0,0
0,1,76 ,0,16.44,8 ,1,0
0,0,69 ,0,16.44,12 ,1,0
1,1,67 ,1,16.46,14 ,1,0
0,1,66 ,1,16.504,12 ,0,0
1,1,70 ,0,16.53,8 ,1,0
0,1,73 ,1,16.54,9 ,0,0
0,0,71 ,1,16.584,9 ,1,0
0,0,64 ,1,16.584,13 ,1,0
0,1,65 ,1,16.652,12 ,0,0
1,1,72 ,1,16.684,9 ,0,0
0,1,66 ,0,16.704,13 ,0,0
0,0,69 ,1,16.74,13 ,0,0
1,1,71 ,1,16.752,17 ,0,0
1,0,68 ,1,16.754,8 ,1,0
0,1,69 ,1,16.754,8 ,1,0
0,1,68 ,1,16.756,8 ,1,0
0,0,67 ,1,16.756,10 ,1,0
0,1,65 ,0,16.76,9 ,1,0
0,1,71 ,1,16.8,10 ,1,0
1,1,68 ,1,16.8,17 ,1,0
0,1,69 ,0,16.8,13 ,0,0
0,1,68 ,1,16.81,13 ,0,1
0,0,60 ,0,16.864,12 ,1,0
0,0,59 ,0,16.88,10 ,1,0
1,0,67 ,1,16.88,14 ,0,0
0,1,60 ,0,16.928,12 ,1,0
1,1,65 ,0,16.941,11 ,1,0
1,0,66 ,1,16.98,13 ,0,0
0,0,59 ,0,17,13 ,0,0
1,0,66 ,0,17,13 ,0,0
1,1,74 ,0,17.004,4 ,1,0
1,0,62 ,0,17.004,13 ,1,0
1,1,68 ,1,17.076,17 ,0,0
0,1,68 ,0,17.088,13 ,1,0
0,1,70 ,1,17.088,13 ,1,0
0,1,69 ,0,17.112,3 ,1,0
0,0,65 ,1,17.112,13 ,1,0
0,1,69 ,0,17.136,11 ,1,0
1,0,58 ,0,17.184,10 ,1,0
0,1,74 ,1,17.195,13 ,1,0
0,0,60 ,0,17.196,14 ,0,1
1,0,66 ,1,17.2,6 ,0,0
0,0,61 ,1,17.2,9 ,1,0
0,0,66 ,0,17.208,9 ,1,0
1,1,68 ,0,17.208,16 ,0,1
0,1,68 ,1,17.208,6 ,1,0
0,1,68 ,0,17.252,12 ,1,0
0,0,63 ,0,17.252,13 ,1,0
0,0,62 ,0,17.25925,5 ,0,1
0,1,70 ,1,17.28,11 ,1,0
0,0,62 ,0,17.28,13 ,1,1
0,1,73 ,1,17.28,8 ,1,1
0,0,65 ,0,17.28,9 ,1,1
0,1,70 ,1,17.292,4 ,0,0
0,1,66 ,0,17.323,12 ,0,1
0,1,69 ,1,17.34,17 ,0,0
0,0,58 ,0,17.38,10 ,1,0
0,1,66 ,1,17.38,11 ,1,0
0,1,75 ,0,17.39,7 ,1,0
1,1,76 ,0,17.4,7 ,1,0
1,1,69 ,1,17.4,13 ,1,0
0,0,67 ,1,17.432,8 ,0,0
1,1,67 ,1,17.436,12 ,1,0
1,1,66 ,0,17.477,10 ,0,0
1,1,68 ,1,17.536,13 ,0,0
1,0,65 ,0,17.5383,13 ,1,0
0,1,68 ,0,17.544,12 ,1,0
0,0,68 ,1,17.55,13 ,1,0
0,1,68 ,1,17.55,16 ,1,0
0,0,68 ,1,17.568,12 ,1,0
0,1,72 ,1,17.568,12 ,1,0
0,1,58 ,0,17.572,10 ,1,0
0,0,60 ,0,17.584,12 ,0,0
1,1,70 ,0,17.6,10 ,1,0
0,1,69 ,1,17.604,10 ,1,0
0,0,67 ,1,17.604,11 ,1,0
0,1,68 ,0,17.616,15 ,1,0
0,0,65 ,1,17.62,12 ,0,0
0,0,60 ,0,17.624,12 ,0,0
0,0,65 ,1,17.661,11 ,0,0
0,1,70 ,0,17.688,12 ,0,0
0,1,77 ,0,17.7,8 ,1,0
0,0,73 ,1,17.741,9 ,1,0
0,0,60 ,0,17.748,7 ,1,0
1,1,66 ,1,17.772,16 ,0,0
1,1,68 ,0,17.77264,12 ,0,0
0,1,68 ,1,17.78,18 ,1,0
0,0,60 ,1,17.8,13 ,0,0
1,1,66 ,1,17.805,17 ,0,0
0,1,65 ,1,17.94,8 ,0,1
0,1,72 ,0,17.964,9 ,1,0
0,1,67 ,0,17.964,13 ,1,0
1,0,62 ,0,17.973,13 ,1,0
0,1,70 ,1,17.984,10 ,1,0
0,0,65 ,0,17.984,9 ,1,0
0,1,70 ,1,17.988,3 ,1,0
0,1,71 ,1,18,13 ,0,0
0,1,69 ,1,18,16 ,1,0
0,1,64 ,1,18,16 ,1,0
0,0,65 ,1,18.02,8 ,1,0
1,0,68 ,0,18.02,12 ,1,0
1,1,72 ,1,18.02,12 ,1,0
0,0,67 ,0,18.048,3 ,1,1
0,1,69 ,0,18.048,6 ,1,1
0,0,70 ,1,18.058,13 ,0,0
0,0,60 ,0,18.12,8 ,1,0
0,1,67 ,1,18.132,15 ,0,0
0,0,68 ,1,18.144,17 ,0,1
0,1,75 ,0,18.154,11 ,1,0
0,0,66 ,0,18.154,12 ,1,0
0,0,62 ,1,18.192,7 ,1,1
0,0,68 ,1,18.24,11 ,1,0
1,1,66 ,1,18.248,12 ,0,0
1,1,66 ,1,18.264,15 ,0,0
0,1,67 ,1,18.392,12 ,0,0
0,1,67 ,1,18.393,12 ,0,0
1,1,66 ,1,18.4,15 ,0,0
1,0,65 ,1,18.404,13 ,0,0
1,1,72 ,1,18.412,14 ,0,0
0,0,67 ,1,18.44,7 ,0,0
0,1,66 ,1,18.48,8 ,1,0
0,0,69 ,0,18.5,11 ,0,0
0,1,71 ,0,18.51,18 ,1,0
0,0,67 ,1,18.51,12 ,1,0
0,0,64 ,0,18.512,3 ,0,0
1,1,68 ,1,18.515,11 ,0,0
1,1,68 ,1,18.556,16 ,1,0
0,1,66 ,1,18.556,15 ,1,0
0,1,62 ,1,18.564,6 ,1,0
0,1,70 ,1,18.564,13 ,1,0
1,1,68 ,1,18.6,18 ,1,0
0,1,74 ,1,18.6,14 ,1,0
0,0,66 ,1,18.602,9 ,0,0
1,1,69 ,1,18.612,17 ,0,0
1,1,66 ,1,18.612,12 ,1,0
0,0,59 ,0,18.618,10 ,1,0
1,1,70 ,1,18.624,8 ,0,0
1,1,69 ,0,18.648,10 ,1,0
0,0,61 ,0,18.672,15 ,0,0
0,0,65 ,0,18.69,11 ,1,0
0,1,61 ,0,18.696,9 ,0,0
0,1,76 ,0,18.744,13 ,1,0
0,0,66 ,1,18.744,12 ,1,0
1,1,66 ,1,18.768,14 ,0,0
0,0,57 ,1,18.77,13 ,0,0
0,0,66 ,1,18.785,15 ,0,0
1,0,60 ,1,18.792,13 ,1,0
1,1,67 ,1,18.8,13 ,0,0
1,1,68 ,1,18.8,13 ,1,0
0,1,72 ,1,18.81,13 ,1,0
0,1,71 ,1,18.816,12 ,1,0
0,1,65 ,1,18.83506,11 ,0,0
0,0,66 ,1,18.864,13 ,0,0
0,1,67 ,0,18.88,14 ,0,0
0,1,68 ,0,18.924,17 ,0,0
0,0,70 ,1,18.96,13 ,1,0
0,1,73 ,1,18.96,7 ,1,0
0,1,68 ,1,18.964,15 ,0,0
1,1,69 ,1,18.968,13 ,1,0
0,1,72 ,0,18.968,17 ,1,0
0,1,67 ,0,18.984,4 ,1,1
0,1,71 ,0,18.984,7 ,1,1
0,0,59 ,0,19,13 ,1,0
1,1,72 ,1,19,11 ,1,0
0,1,65 ,1,19,12 ,1,0
0,0,65 ,0,19,11 ,1,0
0,1,68 ,1,19.032,11 ,0,0
0,1,67 ,1,19.047,13 ,0,0
0,0,61 ,0,19.048,17 ,1,0
0,1,66 ,0,19.048,13 ,1,0
1,0,65 ,1,19.092,12 ,0,0
1,0,59 ,0,19.092,7 ,0,0
0,0,60 ,0,19.127,9 ,1,0
0,1,66 ,1,19.128,13 ,0,0
0,0,66 ,1,19.14,13 ,0,0
0,1,68 ,1,19.148,10 ,0,0
0,1,72 ,0,19.152,9 ,1,0
1,1,67 ,0,19.2,12 ,0,0
0,1,68 ,1,19.2,13 ,1,0
0,1,73 ,0,19.2,16 ,1,0
0,1,67 ,1,19.232,13 ,0,0
0,1,65 ,1,19.26593,13 ,0,0
0,0,66 ,0,19.268,11 ,0,0
1,0,67 ,0,19.28,9 ,0,0
1,1,73 ,1,19.284,15 ,1,0
1,1,69 ,0,19.284,13 ,1,0
0,0,57 ,0,19.296,10 ,1,0
0,1,69 ,0,19.3,11 ,1,0
1,1,68 ,1,19.312,13 ,0,0
0,1,68 ,1,19.38,12 ,0,0
0,1,67 ,1,19.389,15 ,0,0
1,1,77 ,1,19.392,12 ,0,0
1,0,69 ,1,19.4,12 ,0,0
0,1,68 ,1,19.4,11 ,1,0
1,0,71 ,1,19.4,12 ,1,0
0,0,66 ,0,19.43932,6 ,1,1
0,1,66 ,0,19.44,8 ,1,0
0,1,81 ,0,19.44,6 ,1,0
0,1,69 ,0,19.44,0 ,0,1
0,1,67 ,1,19.44,12 ,1,0
0,0,68 ,1,19.464,12 ,0,0
1,1,68 ,1,19.524,10 ,0,0
0,1,69 ,1,19.538,12 ,0,0
0,0,68 ,1,19.544,7 ,1,0
0,1,72 ,0,19.544,3 ,1,0
1,1,74 ,1,19.548,12 ,1,0
1,0,59 ,0,19.548,13 ,1,0
0,0,66 ,1,19.556,12 ,0,0
0,1,80 ,0,19.56,13 ,1,1
1,1,68 ,1,19.56,17 ,1,0
0,0,66 ,0,19.564,12 ,0,0
0,1,68 ,0,19.586,15 ,0,1
0,1,67 ,0,19.6,15 ,1,0
0,1,69 ,1,19.6,13 ,0,0
0,1,66 ,1,19.6,12 ,1,0
1,1,69 ,0,19.64,18 ,0,0
0,1,67 ,1,19.652,9 ,1,0
0,0,58 ,0,19.66,13 ,1,0
0,1,67 ,1,19.68,12 ,0,1
0,1,63 ,1,19.68,12 ,1,0
0,1,68 ,1,19.68284,12 ,0,0
0,1,67 ,1,19.712,13 ,1,0
0,0,66 ,1,19.74,12 ,0,0
0,1,68 ,1,19.75,17 ,1,0
0,1,69 ,0,19.8,12 ,1,0
0,1,67 ,1,19.8,13 ,1,0
0,1,77 ,1,19.8,12 ,1,0
0,1,71 ,1,19.8,13 ,1,0
1,1,67 ,1,19.824,12 ,0,0
0,1,66 ,1,19.838,9 ,1,0
0,0,53 ,1,19.848,12 ,1,0
1,0,65 ,1,19.9,12 ,1,0
1,1,70 ,1,19.9,12 ,1,0
0,1,73 ,1,19.936,8 ,1,0
0,1,68 ,1,19.936,13 ,1,0
0,0,66 ,1,19.956,16 ,1,0
0,0,52 ,1,19.956,15 ,1,0
0,1,69 ,1,19.958,13 ,0,0
0,1,66 ,1,19.988,13 ,1,0
0,1,83 ,1,19.988,15 ,1,0
0,0,70 ,1,20.004,11 ,0,0
0,1,69 ,1,20.012,12 ,1,0
0,1,68 ,1,20.012,9 ,1,0
0,0,61 ,0,20.03,13 ,1,0
0,1,64 ,1,20.04,15 ,1,0
0,0,67 ,1,20.068,7 ,1,0
0,1,65 ,0,20.069,12 ,1,0
0,1,66 ,1,20.069,9 ,1,0
0,1,69 ,1,20.12,2 ,1,1
0,1,70 ,0,20.12,17 ,1,0
0,0,73 ,1,20.188,12 ,0,0
0,1,68 ,1,20.2,13 ,1,1
0,0,60 ,0,20.24,12 ,1,1
0,0,66 ,0,20.272,11 ,1,0
0,1,68 ,0,20.272,12 ,1,0
1,1,68 ,1,20.352,14 ,0,0
0,1,69 ,1,20.375,15 ,1,0
0,0,66 ,1,20.396,10 ,1,1
1,0,70 ,1,20.4,7 ,0,0
0,1,67 ,0,20.4,8 ,1,1
0,1,65 ,1,20.4,12 ,0,0
1,1,67 ,1,20.451,3 ,1,0
1,0,72 ,1,20.456,12 ,1,0
1,1,68 ,1,20.456,13 ,1,0
0,1,69 ,0,20.474,12 ,0,0
0,1,73 ,1,20.5,13 ,0,0
1,1,72 ,1,20.532,11 ,1,0
0,0,67 ,1,20.532,12 ,1,0
0,0,69 ,1,20.544,12 ,1,0
1,1,75 ,0,20.556,5 ,1,0
1,0,69 ,1,20.556,10 ,1,0
1,0,66 ,1,20.564,15 ,1,0
1,1,67 ,1,20.592,12 ,0,0
0,1,66 ,1,20.608,12 ,1,0
0,1,66 ,1,20.608,12 ,1,0
0,1,74 ,1,20.632,8 ,1,0
0,0,69 ,1,20.632,13 ,1,0
0,0,71 ,1,20.636,12 ,1,1
0,1,68 ,1,20.636,6 ,1,1
1,1,63 ,0,20.64,13 ,0,0
1,0,65 ,1,20.64,13 ,0,0
1,1,73 ,0,20.648,12 ,1,0
1,1,67 ,1,20.688,13 ,1,0
0,0,60 ,0,20.695,6 ,1,0
1,1,69 ,1,20.704,16 ,0,0
1,0,59 ,1,20.743,10 ,0,0
1,1,65 ,1,20.79,12 ,1,0
1,0,60 ,1,20.81,13 ,1,1
0,0,65 ,1,20.824,13 ,1,0
0,1,69 ,0,20.824,13 ,1,0
1,0,58 ,0,20.888,10 ,1,0
1,1,69 ,1,20.888,11 ,1,0
0,1,68 ,0,20.888,9 ,1,0
1,0,67 ,0,20.888,12 ,1,0
1,1,71 ,0,20.896,8 ,1,0
1,0,69 ,1,20.896,10 ,1,0
1,1,68 ,1,20.9,10 ,1,0
0,1,71 ,1,20.9,13 ,1,0
0,1,73 ,1,20.948,9 ,1,0
1,1,66 ,1,20.98,15 ,0,0
0,1,66 ,1,20.98082,13 ,1,0
1,1,69 ,0,20.988,13 ,1,0
1,1,68 ,1,21.012,12 ,0,0
0,1,67 ,1,21.036,11 ,1,0
0,1,71 ,1,21.036,12 ,1,0
1,1,70 ,1,21.068,13 ,1,0
0,1,65 ,1,21.184,13 ,1,0
1,1,67 ,1,21.195,14 ,0,0
1,0,64 ,0,21.288,15 ,0,0
0,1,70 ,0,21.3,13 ,1,0
0,1,74 ,1,21.3,12 ,1,0
0,1,68 ,1,21.32,15 ,0,0
0,1,64 ,0,21.324,7 ,1,0
1,0,68 ,1,21.34,14 ,0,0
0,1,67 ,1,21.356,10 ,1,0
0,1,69 ,1,21.376,15 ,1,1
0,1,69 ,1,21.376,17 ,1,0
0,0,66 ,1,21.428,12 ,0,0
1,0,67 ,0,21.464,15 ,0,0
0,0,61 ,0,21.465,13 ,1,0
0,0,75 ,1,21.465,15 ,1,0
1,1,68 ,1,21.468,12 ,1,0
0,0,66 ,0,21.512,13 ,0,0
0,0,66 ,1,21.513,14 ,0,0
0,1,68 ,1,21.56,12 ,1,0
1,1,68 ,1,21.6,4 ,1,0
1,1,66 ,1,21.6,13 ,0,0
0,1,66 ,1,21.6,13 ,1,0
1,1,65 ,1,21.6,11 ,0,0
1,1,65 ,0,21.6,8 ,1,1
1,1,68 ,1,21.6,14 ,1,0
0,1,66 ,0,21.6,11 ,1,0
0,0,59 ,1,21.6,6 ,1,1
1,1,77 ,0,21.6,7 ,1,0
0,1,86 ,1,21.6,13 ,1,0
0,1,68 ,1,21.612,7 ,1,0
0,1,69 ,1,21.69,13 ,0,0
1,0,67 ,0,21.7,6 ,0,1
0,1,67 ,1,21.708,13 ,1,0
0,1,69 ,0,21.708,12 ,1,0
1,1,68 ,1,21.72,13 ,1,0
0,1,68 ,1,21.732,13 ,1,0
0,1,71 ,1,21.768,10 ,0,0
1,1,69 ,1,21.829,8 ,1,0
1,1,71 ,0,21.84,10 ,1,0
1,1,67 ,0,21.84,12 ,1,0
1,0,67 ,1,21.842,12 ,0,0
0,0,81 ,0,21.868,11 ,1,1
1,0,69 ,1,21.9,13 ,0,0
1,0,70 ,1,21.964,14 ,1,0
1,1,69 ,1,21.964,12 ,1,0
0,1,66 ,1,21.97427,15 ,0,0
1,0,67 ,1,22.002,14 ,0,0
0,0,67 ,1,22.028,14 ,1,0
0,0,65 ,1,22.032,9 ,1,0
0,0,66 ,0,22.036,12 ,0,0
0,1,71 ,1,22.039,16 ,1,0
0,1,68 ,1,22.039,16 ,1,0
1,1,68 ,1,22.044,11 ,1,0
0,0,64 ,0,22.06,7 ,1,0
1,1,79 ,1,22.08,12 ,1,0
1,0,69 ,1,22.08,13 ,1,0
0,1,70 ,1,22.096,10 ,1,0
1,0,70 ,1,22.096,12 ,0,0
0,0,66 ,1,22.096,12 ,1,0
0,0,67 ,1,22.104,12 ,0,0
1,0,59 ,0,22.11,10 ,0,0
1,1,67 ,0,22.132,8 ,1,0
0,1,69 ,1,22.135,12 ,0,0
1,1,69 ,1,22.2,13 ,1,0
1,1,67 ,1,22.212,13 ,1,0
0,0,60 ,0,22.224,18 ,0,0
0,0,67 ,1,22.26,11 ,1,0
0,1,74 ,1,22.26,9 ,1,0
0,1,70 ,1,22.263,15 ,1,0
0,1,69 ,1,22.263,16 ,1,0
0,1,65 ,1,22.272,10 ,1,0
1,1,75 ,1,22.272,13 ,1,0
1,1,66 ,1,22.276,12 ,1,0
0,1,63 ,0,22.276,10 ,1,0
0,1,67 ,1,22.276,13 ,1,0
0,1,68 ,1,22.276,14 ,1,0
0,0,67 ,1,22.384,11 ,1,0
0,1,67 ,1,22.384,12 ,1,0
0,1,69 ,1,22.396,8 ,1,0
0,0,66 ,1,22.4,11 ,1,0
0,1,69 ,1,22.44,11 ,1,0
0,0,65 ,1,22.44,12 ,1,0
0,0,70 ,0,22.44,12 ,1,0
0,0,63 ,0,22.44,12 ,1,0
0,1,69 ,1,22.44,12 ,1,0
0,1,71 ,1,22.44,10 ,1,0
0,0,65 ,1,22.492,12 ,0,0
0,1,66 ,0,22.5,6 ,1,1
0,0,67 ,1,22.532,13 ,1,0
0,1,68 ,0,22.532,5 ,1,0
1,1,69 ,1,22.61206,11 ,1,0
0,0,67 ,0,22.616,3 ,0,0
0,1,65 ,1,22.632,15 ,0,0
0,1,66 ,1,22.634,13 ,1,0
0,0,70 ,0,22.637,11 ,1,0
0,1,66 ,0,22.637,12 ,1,0
1,0,68 ,1,22.64,16 ,0,0
1,1,62 ,0,22.64,13 ,0,0
0,0,69 ,0,22.656,7 ,1,0
0,1,67 ,0,22.66,15 ,1,0
0,0,67 ,1,22.68,12 ,1,0
0,1,74 ,1,22.712,10 ,1,0
1,0,61 ,1,22.715,6 ,1,1
1,0,68 ,1,22.72,12 ,0,0
0,1,70 ,1,22.752,12 ,1,0
0,1,73 ,1,22.752,12 ,1,0
0,0,68 ,1,22.78,6 ,1,0
0,1,80 ,1,22.8,17 ,1,0
1,1,71 ,1,22.8,8 ,0,0
0,1,75 ,1,22.8,8 ,1,0
0,1,67 ,1,22.8,14 ,1,0
0,1,66 ,1,22.8,14 ,1,0
0,0,67 ,1,22.862,13 ,0,0
0,0,68 ,1,22.864,9 ,1,0
0,1,75 ,1,22.864,5 ,1,0
1,0,66 ,0,22.9,4 ,1,0
1,1,61 ,0,22.9,10 ,1,0
1,1,69 ,1,22.916,9 ,1,0
0,1,69 ,1,22.916,12 ,1,0
1,1,65 ,0,22.92,12 ,1,0
0,0,63 ,1,23,14 ,0,0
1,1,66 ,1,23,13 ,1,0
0,0,67 ,1,23,12 ,1,0
0,0,67 ,1,23,11 ,1,0
1,1,68 ,1,23,12 ,1,0
0,0,66 ,1,23,11 ,1,0
1,0,76 ,1,23,11 ,1,0
0,1,68 ,0,23.028,9 ,1,0
0,1,65 ,1,23.03971,12 ,0,0
1,1,74 ,1,23.064,12 ,1,0
1,1,69 ,1,23.084,13 ,1,1
0,0,62 ,1,23.101,17 ,1,0
0,0,69 ,0,23.101,12 ,1,0
0,0,72 ,1,23.12,12 ,0,0
0,1,64 ,1,23.134,13 ,1,0
0,0,63 ,0,23.172,12 ,0,0
1,1,70 ,1,23.18,12 ,0,0
1,1,71 ,0,23.204,11 ,1,0
1,1,70 ,0,23.226,13 ,0,0
0,1,65 ,0,23.32,9 ,1,1
0,1,72 ,1,23.4,9 ,1,0
0,1,70 ,0,23.448,13 ,1,0
1,1,65 ,1,23.484,13 ,0,0
1,1,68 ,1,23.492,9 ,1,0
0,1,69 ,1,23.492,13 ,1,0
1,1,65 ,1,23.496,11 ,1,0
1,1,67 ,0,23.52,12 ,1,0
1,1,74 ,1,23.52,11 ,1,0
0,0,68 ,0,23.52,12 ,0,0
0,1,68 ,1,23.578,12 ,0,0
1,1,68 ,1,23.58,16 ,0,0
0,1,68 ,0,23.592,12 ,0,0
1,1,69 ,0,23.63,13 ,1,0
1,1,60 ,0,23.63,12 ,1,0
1,0,66 ,1,23.634,10 ,1,0
0,0,66 ,1,23.634,9 ,1,0
1,0,68 ,1,23.66,12 ,0,0
1,1,65 ,1,23.675,15 ,0,0
0,1,67 ,1,23.762,16 ,0,0
0,1,69 ,1,23.78,10 ,1,0
0,1,68 ,1,23.832,14 ,0,0
1,0,65 ,1,23.836,16 ,0,0
0,1,66 ,0,23.927,3 ,1,1
1,0,65 ,1,23.948,13 ,0,0
0,1,69 ,0,23.98176,7 ,1,0
0,1,73 ,0,23.98176,7 ,1,0
0,1,65 ,1,24,16 ,1,0
0,1,64 ,0,24,16 ,0,0
1,1,67 ,1,24.014,12 ,1,0
0,1,73 ,1,24.024,16 ,1,0
0,0,66 ,1,24.024,13 ,1,0
0,1,70 ,1,24.025,13 ,0,0
0,0,69 ,0,24.036,13 ,1,0
0,0,80 ,0,24.05,0 ,1,0
0,0,68 ,1,24.06,12 ,0,0
1,0,66 ,1,24.1,13 ,1,0
1,0,68 ,1,24.1,12 ,1,0
1,0,68 ,0,24.11635,9 ,0,0
0,1,67 ,1,24.144,13 ,1,0
0,0,68 ,1,24.164,9 ,1,0
0,0,69 ,1,24.164,18 ,1,1
0,0,64 ,0,24.179,11 ,1,0
0,1,69 ,1,24.188,8 ,1,0
0,1,65 ,0,24.252,9 ,1,0
0,1,68 ,1,24.25915,11 ,1,0
0,1,67 ,1,24.3,8 ,1,0
0,1,78 ,1,24.3,9 ,1,0
0,1,67 ,0,24.3,12 ,1,0
0,1,66 ,1,24.304,13 ,1,0
0,0,66 ,1,24.304,13 ,1,0
0,0,65 ,1,24.312,13 ,1,0
0,1,68 ,1,24.316,12 ,0,0
0,1,72 ,1,24.344,13 ,1,1
0,1,67 ,0,24.344,12 ,1,1
0,1,68 ,0,24.348,7 ,0,0
0,1,70 ,1,24.35278,9 ,1,0
1,1,68 ,1,24.36,12 ,1,0
0,0,73 ,1,24.38,12 ,1,1
0,0,67 ,1,24.388,14 ,0,0
1,0,66 ,1,24.4,13 ,1,0
1,0,67 ,1,24.462,13 ,0,0
0,1,67 ,0,24.48,11 ,1,1
0,1,69 ,0,24.48,16 ,1,0
1,1,70 ,0,24.484,10 ,1,0
1,1,71 ,1,24.584,14 ,1,0
0,1,68 ,1,24.6,13 ,1,0
0,1,71 ,1,24.6,13 ,1,0
1,1,70 ,1,24.612,12 ,1,0
0,1,69 ,1,24.676,17 ,1,0
0,0,69 ,1,24.698,7 ,0,0
1,1,68 ,1,24.82,12 ,1,0
1,1,68 ,1,24.82,13 ,1,0
1,1,68 ,0,24.84,12 ,1,0
1,0,66 ,1,24.84,13 ,1,0
0,0,65 ,1,24.844,12 ,1,0
0,1,60 ,1,24.872,10 ,1,0
1,1,71 ,1,24.9,13 ,1,0
1,0,67 ,1,24.924,13 ,0,0
0,0,60 ,0,24.94,13 ,1,0
0,1,72 ,0,24.984,12 ,1,0
0,0,66 ,1,24.984,12 ,1,0
1,1,69 ,1,25,12 ,1,0
1,0,66 ,1,25,17 ,0,0
0,0,54 ,0,25.016,8 ,1,1
1,1,68 ,1,25.04,12 ,0,0
1,0,67 ,0,25.06,12 ,0,0
0,1,75 ,1,25.1,18 ,1,0
1,1,74 ,1,25.12,17 ,1,0
1,1,65 ,1,25.12,17 ,1,0
0,1,67 ,1,25.176,18 ,0,0
0,1,69 ,1,25.26,17 ,0,0
0,1,65 ,0,25.271,3 ,1,1
0,1,69 ,1,25.274,12 ,1,0
0,1,72 ,1,25.274,9 ,1,0
0,1,67 ,1,25.364,12 ,1,0
0,1,74 ,0,25.364,12 ,1,0
1,1,69 ,1,25.388,16 ,0,0
1,1,70 ,0,25.42,8 ,1,0
1,1,68 ,1,25.428,12 ,0,0
0,1,68 ,1,25.43031,7 ,1,0
0,1,72 ,1,25.44,13 ,1,0
0,1,69 ,1,25.44,13 ,1,0
0,0,59 ,0,25.466,16 ,1,0
1,1,66 ,1,25.468,15 ,0,0
0,1,67 ,1,25.5,16 ,1,0
0,1,67 ,1,25.5,13 ,1,0
0,1,67 ,1,25.5,16 ,1,0
0,1,73 ,1,25.5,13 ,1,0
0,1,70 ,0,25.564,10 ,1,0
0,0,66 ,1,25.564,13 ,1,0
1,1,66 ,0,25.568,14 ,1,0
1,1,69 ,1,25.57703,12 ,0,0
0,1,66 ,1,25.58,13 ,1,1
1,0,65 ,1,25.622,12 ,0,0
0,0,69 ,1,25.64164,12 ,0,0
0,1,71 ,1,25.664,12 ,1,0
0,0,66 ,1,25.664,14 ,1,0
1,1,67 ,1,25.72,9 ,1,0
0,1,65 ,1,25.72,12 ,1,0
1,1,70 ,1,25.72,9 ,1,0
1,1,68 ,1,25.728,18 ,0,0
0,1,68 ,1,25.74,12 ,1,0
0,0,65 ,1,25.74,13 ,1,0
0,1,67 ,1,25.8,12 ,1,0
0,1,74 ,1,25.8,9 ,1,0
1,1,69 ,1,25.844,13 ,0,0
1,1,63 ,0,25.863,13 ,1,0
0,0,68 ,1,25.932,10 ,1,0
0,1,72 ,1,25.932,12 ,1,0
0,0,69 ,1,25.94,13 ,0,0
1,1,72 ,1,25.944,9 ,0,0
0,0,65 ,1,25.96,16 ,1,0
0,1,70 ,0,26,11 ,1,0
0,1,69 ,0,26,12 ,1,0
1,0,66 ,1,26,13 ,0,0
1,0,68 ,1,26.056,13 ,0,0
0,1,66 ,1,26.0624,13 ,1,0
0,1,66 ,1,26.0624,12 ,1,0
0,1,69 ,1,26.08747,17 ,1,0
0,1,68 ,1,26.08747,14 ,1,0
0,1,65 ,0,26.10812,12 ,0,0
1,0,68 ,1,26.14,12 ,1,0
1,1,73 ,1,26.14,12 ,1,0
1,1,67 ,0,26.15,6 ,1,0
1,0,67 ,1,26.16,14 ,0,0
1,0,63 ,0,26.176,12 ,1,0
1,1,67 ,1,26.184,18 ,1,0
1,1,69 ,1,26.184,17 ,1,0
1,1,65 ,1,26.196,15 ,1,0
0,0,67 ,1,26.22,15 ,0,0
0,1,75 ,0,26.238,15 ,0,0
0,1,66 ,1,26.248,13 ,1,0
1,1,65 ,1,26.326,12 ,1,0
0,1,68 ,1,26.326,15 ,1,0
1,0,66 ,1,26.352,12 ,1,0
1,1,70 ,1,26.352,12 ,1,0
0,1,70 ,1,26.38,13 ,1,0
0,1,70 ,1,26.38,12 ,1,0
1,0,67 ,1,26.392,12 ,0,0
0,0,59 ,0,26.4,12 ,0,0
0,0,61 ,1,26.42,11 ,1,0
0,1,65 ,1,26.484,12 ,0,0
1,1,65 ,1,26.496,13 ,1,0
1,0,67 ,1,26.544,13 ,1,0
1,1,72 ,1,26.544,12 ,1,0
1,0,72 ,1,26.592,7 ,1,1
0,0,71 ,1,26.6,0 ,1,1
1,1,73 ,1,26.64,15 ,1,0
1,1,67 ,1,26.64,12 ,1,0
1,1,78 ,1,26.651,18 ,0,1
0,1,67 ,1,26.652,12 ,0,0
0,0,65 ,1,26.65358,13 ,1,0
0,0,62 ,0,26.664,8 ,1,0
1,0,67 ,1,26.7,13 ,1,0
1,1,68 ,1,26.7,17 ,1,0
0,1,70 ,1,26.704,14 ,1,0
0,0,70 ,1,26.704,14 ,1,0
0,0,65 ,1,26.74,13 ,0,0
1,0,70 ,1,26.748,12 ,0,0
1,0,66 ,1,26.751,11 ,0,0
0,1,66 ,1,26.78,12 ,1,0
0,1,67 ,1,26.78,14 ,1,0
0,1,73 ,1,26.834,13 ,1,0
1,1,66 ,1,26.836,17 ,0,0
1,1,70 ,1,26.852,12 ,0,0
1,0,68 ,1,26.964,15 ,0,0
0,1,68 ,1,26.988,14 ,1,0
0,1,69 ,1,26.988,13 ,1,0
1,1,67 ,0,27,5 ,1,0
1,0,66 ,0,27.02,10 ,1,0
1,1,70 ,0,27.02,8 ,1,0
0,1,76 ,1,27.052,13 ,1,0
0,1,66 ,1,27.052,17 ,1,0
0,0,67 ,0,27.124,17 ,0,0
0,1,66 ,0,27.144,10 ,0,0
1,1,68 ,1,27.184,13 ,1,0
1,1,69 ,1,27.184,13 ,1,0
1,0,62 ,1,27.2,12 ,0,0
0,0,59 ,0,27.204,9 ,1,0
0,0,68 ,1,27.204,7 ,1,0
1,0,59 ,0,27.24,13 ,0,0
1,1,66 ,0,27.248,12 ,1,0
0,0,70 ,0,27.33543,3 ,1,0
1,0,65 ,1,27.336,17 ,0,0
0,1,69 ,1,27.34447,12 ,1,0
0,1,69 ,0,27.372,13 ,1,0
0,1,75 ,1,27.372,10 ,1,0
0,0,66 ,1,27.424,13 ,1,0
0,1,72 ,0,27.424,15 ,1,0
0,1,66 ,1,27.44,10 ,1,0
1,1,71 ,0,27.464,12 ,1,0
0,1,60 ,0,27.468,17 ,1,1
0,0,66 ,1,27.48,15 ,0,1
0,1,70 ,0,27.486,11 ,1,0
0,1,67 ,1,27.5,12 ,1,0
0,0,66 ,1,27.56,11 ,0,0
1,1,68 ,0,27.598,12 ,0,0
0,1,74 ,1,27.6,7 ,1,0
1,1,71 ,0,27.6,11 ,1,0
0,0,66 ,1,27.6,13 ,1,0
0,1,69 ,1,27.6,11 ,1,0
1,0,65 ,0,27.6,13 ,1,0
0,1,73 ,0,27.6,8 ,1,0
0,1,68 ,1,27.6,13 ,1,0
1,1,70 ,1,27.66,9 ,1,0
1,0,66 ,1,27.66,12 ,1,0
0,0,61 ,1,27.692,12 ,0,0
0,0,68 ,1,27.756,12 ,0,0
0,1,72 ,1,27.76,11 ,1,0
0,1,71 ,1,27.776,10 ,1,0
1,1,67 ,1,27.776,13 ,1,0
1,0,61 ,1,27.78,12 ,1,0
1,0,60 ,0,27.78,10 ,1,0
0,1,63 ,1,27.78,12 ,1,0
0,1,68 ,1,27.8,15 ,1,1
0,0,67 ,1,27.85,3 ,1,1
0,1,74 ,1,27.85,8 ,1,0
1,1,67 ,1,27.86,18 ,0,0
0,0,68 ,1,27.884,13 ,1,0
0,0,72 ,1,27.884,12 ,1,0
0,1,67 ,1,27.95654,16 ,1,0
1,1,77 ,1,27.972,12 ,1,0
1,1,67 ,1,28,8 ,1,1
1,1,64 ,0,28.02,11 ,1,0
0,0,68 ,1,28.02,13 ,1,0
0,1,66 ,0,28.02,13 ,1,0
1,1,71 ,0,28.056,8 ,1,0
0,1,65 ,1,28.068,17 ,1,0
0,0,76 ,0,28.07102,12 ,1,0
0,1,69 ,1,28.07102,13 ,1,0
1,1,82 ,1,28.072,18 ,1,0
1,0,65 ,1,28.072,10 ,1,0
1,0,59 ,0,28.1,11 ,1,0
1,1,66 ,0,28.1,13 ,1,0
0,1,70 ,1,28.124,12 ,1,0
0,1,69 ,0,28.14,10 ,1,0
0,1,66 ,0,28.14,11 ,1,0
0,1,63 ,1,28.224,12 ,0,0
0,1,67 ,1,28.28,16 ,0,0
0,1,67 ,0,28.288,12 ,1,0
1,1,66 ,1,28.288,10 ,1,0
1,1,65 ,1,28.2998,12 ,1,0
1,1,67 ,1,28.2998,13 ,1,0
0,0,70 ,1,28.34,10 ,1,0
0,1,65 ,1,28.34,10 ,1,0
0,0,67 ,1,28.381,13 ,0,0
0,1,69 ,1,28.42,13 ,0,0
1,1,69 ,0,28.44,13 ,1,0
1,1,74 ,1,28.44,13 ,1,0
1,0,66 ,0,28.445,11 ,1,0
1,1,65 ,1,28.445,14 ,1,0
1,1,67 ,1,28.644,17 ,0,0
1,1,68 ,0,28.66,13 ,1,0
0,1,61 ,0,28.7,7 ,1,0
1,1,69 ,1,28.73702,12 ,1,0
0,1,71 ,0,28.73702,17 ,1,0
1,0,69 ,1,28.75,10 ,0,0
1,0,69 ,1,28.752,13 ,1,0
1,1,69 ,0,28.752,13 ,1,0
1,1,68 ,1,28.78,11 ,1,0
1,1,68 ,1,28.8,16 ,0,0
1,1,67 ,0,28.8,12 ,1,0
1,1,69 ,1,28.8,13 ,1,0
0,0,68 ,1,28.847,10 ,0,0
0,1,67 ,0,28.872,8 ,1,0
1,1,68 ,1,28.9,14 ,1,0
0,1,69 ,1,28.924,9 ,0,0
1,1,68 ,1,28.928,18 ,1,0
1,1,67 ,0,28.928,13 ,1,0
0,0,64 ,1,28.968,13 ,1,0
0,1,67 ,1,28.968,13 ,1,0
1,0,69 ,1,28.98,13 ,1,0
0,1,80 ,1,28.98,12 ,1,0
0,1,66 ,1,29.009,16 ,1,0
1,1,68 ,1,29.022,9 ,1,0
1,0,68 ,1,29.04,13 ,1,0
1,1,72 ,1,29.04,10 ,1,0
1,1,69 ,1,29.04,13 ,1,0
1,1,70 ,0,29.04,8 ,1,0
1,1,66 ,1,29.124,15 ,1,0
1,1,69 ,1,29.132,12 ,0,0
1,1,74 ,1,29.202,13 ,1,0
1,1,68 ,1,29.202,12 ,1,0
0,0,56 ,0,29.208,14 ,1,0
0,1,67 ,0,29.208,14 ,1,0
0,0,58 ,0,29.22,11 ,1,0
1,1,67 ,1,29.24,13 ,1,0
1,0,56 ,0,29.24,8 ,1,1
1,1,72 ,1,29.3,17 ,1,0
0,1,68 ,0,29.3,13 ,1,0
1,1,69 ,1,29.3,13 ,1,0
0,1,69 ,1,29.342,10 ,1,0
0,0,76 ,1,29.342,9 ,1,0
0,1,63 ,1,29.352,7 ,1,1
1,0,68 ,1,29.36,15 ,0,0
0,1,70 ,1,29.412,12 ,1,0
0,1,69 ,1,29.412,14 ,1,0
0,0,64 ,0,29.536,9 ,1,0
0,0,70 ,1,29.548,8 ,1,0
0,1,67 ,0,29.548,7 ,1,0
1,1,68 ,1,29.56,9 ,1,0
1,1,75 ,1,29.6,17 ,1,0
0,1,66 ,1,29.636,15 ,1,1
0,0,59 ,1,29.64,13 ,1,0
0,1,67 ,0,29.648,13 ,0,0
0,1,73 ,1,29.688,15 ,1,0
0,0,65 ,1,29.69,17 ,0,0
0,1,63 ,1,29.70518,12 ,1,0
0,1,74 ,1,29.72,13 ,1,0
1,1,70 ,1,29.73984,18 ,1,0
0,1,74 ,1,29.8,16 ,1,0
0,0,72 ,1,29.808,11 ,1,1
0,1,68 ,1,29.819,7 ,1,0
1,1,65 ,0,29.836,9 ,1,0
1,1,65 ,0,29.909,10 ,1,0
1,1,73 ,1,29.909,11 ,1,0
0,0,65 ,1,29.992,13 ,1,0
0,0,74 ,0,29.992,13 ,1,0
0,1,73 ,1,30,12 ,1,0
0,1,68 ,1,30,9 ,1,0
1,1,65 ,0,30,17 ,1,0
0,0,68 ,0,30.004,11 ,1,0
0,1,66 ,0,30.016,12 ,0,0
0,1,69 ,1,30.064,18 ,1,0
0,1,72 ,1,30.064,17 ,1,0
1,1,73 ,1,30.08,13 ,1,0
1,0,70 ,1,30.08,12 ,1,0
1,1,65 ,0,30.112,13 ,1,0
1,0,71 ,1,30.14,5 ,1,0
1,1,70 ,1,30.14,5 ,1,0
0,0,66 ,1,30.16,12 ,1,0
0,1,69 ,1,30.16,12 ,1,0
1,0,69 ,1,30.18,17 ,0,0
0,1,65 ,1,30.27,12 ,1,0
0,1,74 ,1,30.27,12 ,1,0
0,1,68 ,1,30.288,12 ,1,0
1,0,60 ,1,30.416,12 ,1,0
0,1,68 ,1,30.432,16 ,0,0
0,0,63 ,0,30.471,9 ,1,0
1,0,67 ,1,30.545,12 ,1,0
0,1,73 ,1,30.545,9 ,1,0
0,1,66 ,1,30.56,17 ,0,0
1,1,66 ,1,30.6,16 ,1,0
1,1,66 ,1,30.6,16 ,1,0
0,0,61 ,0,30.628,8 ,1,0
0,1,75 ,1,30.64,13 ,1,0
0,1,69 ,1,30.684,17 ,0,0
1,1,66 ,1,30.776,16 ,0,0
1,1,66 ,1,30.786,12 ,1,0
0,1,67 ,0,30.804,11 ,1,0
0,1,69 ,1,30.804,12 ,1,0
0,1,68 ,1,30.839,14 ,1,0
1,0,68 ,1,30.84,16 ,0,0
0,1,70 ,1,30.852,14 ,0,0
0,1,68 ,1,30.86,13 ,1,0
0,1,70 ,1,30.86,18 ,1,0
0,0,68 ,1,30.86,13 ,1,0
0,1,70 ,1,30.86,17 ,1,0
1,1,67 ,1,30.9,13 ,1,0
1,1,67 ,0,30.928,13 ,1,0
1,1,66 ,0,30.928,13 ,1,0
0,1,69 ,1,30.94821,13 ,1,0
0,1,68 ,1,31.04,9 ,1,0
1,0,69 ,1,31.1,12 ,1,0
0,1,70 ,1,31.104,13 ,1,0
0,1,66 ,1,31.104,12 ,1,0
1,1,69 ,1,31.125,17 ,1,0
1,1,70 ,1,31.128,13 ,1,0
1,1,66 ,1,31.13,17 ,0,1
0,1,65 ,1,31.152,10 ,1,0
0,0,66 ,1,31.16,17 ,0,0
0,1,65 ,1,31.16,17 ,1,0
0,1,66 ,1,31.16,17 ,1,0
1,1,67 ,0,31.22,14 ,0,0
1,1,67 ,1,31.328,12 ,1,0
1,1,68 ,1,31.328,13 ,1,0
0,1,72 ,1,31.368,13 ,1,0
0,1,69 ,1,31.368,13 ,1,0
0,0,66 ,1,31.38,15 ,0,0
1,1,73 ,1,31.393,12 ,1,0
0,0,67 ,1,31.432,10 ,1,0
0,1,67 ,0,31.432,13 ,1,0
0,1,68 ,0,31.432,8 ,1,0
1,1,71 ,0,31.5,13 ,1,0
1,1,67 ,1,31.5,12 ,1,0
0,0,68 ,1,31.528,12 ,1,0
1,1,70 ,0,31.528,9 ,1,0
1,0,69 ,1,31.52911,13 ,0,0
0,0,68 ,1,31.536,13 ,1,0
1,1,69 ,1,31.54,12 ,1,0
1,1,72 ,1,31.54,13 ,1,0
0,1,66 ,0,31.564,11 ,1,0
1,1,70 ,0,31.564,7 ,1,0
0,1,61 ,0,31.6,10 ,1,0
0,1,68 ,1,31.6,8 ,0,0
0,1,69 ,1,31.644,9 ,1,1
0,0,66 ,1,31.644,13 ,1,0
1,1,65 ,1,31.652,14 ,1,0
1,1,61 ,0,31.668,11 ,1,0
1,1,62 ,0,31.668,11 ,1,0
0,1,66 ,1,31.68,12 ,1,0
0,1,67 ,1,31.68,13 ,1,0
1,1,69 ,0,31.692,17 ,1,0
1,0,65 ,1,31.692,14 ,1,0
0,0,69 ,1,31.698,16 ,0,0
1,1,69 ,1,31.706,15 ,1,0
1,0,64 ,1,31.708,11 ,0,0
1,1,67 ,1,31.72,13 ,1,0
1,1,70 ,1,31.74,12 ,1,0
0,1,67 ,0,31.74,14 ,1,0
1,1,69 ,1,31.748,13 ,1,0
1,0,66 ,1,31.748,12 ,1,0
0,0,70 ,1,31.76,17 ,1,0
1,0,66 ,1,31.768,12 ,1,0
1,1,68 ,1,31.768,13 ,1,0
1,0,69 ,1,31.77829,13 ,1,0
0,1,66 ,1,31.788,12 ,0,0
1,1,67 ,1,31.792,13 ,1,0
1,1,65 ,1,31.8,12 ,1,0
0,0,67 ,0,31.952,12 ,1,0
0,1,72 ,1,31.952,12 ,1,0
0,1,68 ,1,31.964,7 ,1,0
1,1,69 ,1,31.992,14 ,1,1
1,0,66 ,0,31.992,7 ,1,1
0,1,69 ,1,32,17 ,1,0
0,1,68 ,1,32,16 ,1,0
1,0,67 ,1,32.016,13 ,0,0
0,0,68 ,1,32.15,11 ,1,0
0,1,72 ,0,32.15,8 ,1,0
0,0,64 ,1,32.152,9 ,1,0
0,1,70 ,1,32.256,13 ,0,0
0,1,69 ,0,32.284,14 ,0,0
1,0,66 ,1,32.33186,17 ,1,0
1,0,66 ,1,32.33186,17 ,1,0
1,0,68 ,1,32.4,17 ,0,0
0,0,56 ,0,32.4,12 ,1,0
0,0,58 ,1,32.408,13 ,0,0
1,1,68 ,1,32.468,12 ,0,0
1,0,65 ,0,32.47645,7 ,1,0
1,1,71 ,1,32.47645,13 ,1,0
1,1,72 ,1,32.486,10 ,1,0
0,1,67 ,1,32.488,12 ,0,0
0,0,70 ,0,32.512,9 ,1,0
0,1,68 ,1,32.52,16 ,1,0
0,1,74 ,1,32.52,17 ,1,0
0,0,63 ,1,32.544,12 ,1,0
1,1,72 ,1,32.544,14 ,1,0
0,1,69 ,1,32.55726,13 ,0,0
1,1,68 ,1,32.58,17 ,0,0
0,1,68 ,1,32.588,14 ,1,0
0,1,65 ,1,32.588,13 ,1,0
0,1,65 ,1,32.66,12 ,1,0
0,0,73 ,0,32.684,5 ,1,1
0,0,68 ,0,32.684,5 ,1,1
0,0,67 ,1,32.69,12 ,0,0
1,0,67 ,1,32.736,13 ,1,0
1,1,65 ,1,32.76,13 ,1,0
1,1,66 ,0,32.8,13 ,0,0
1,1,69 ,0,32.861,13 ,1,0
0,1,66 ,0,32.892,12 ,1,0
0,1,66 ,1,32.892,13 ,1,0
1,0,68 ,1,32.896,12 ,0,0
0,1,67 ,1,32.94,12 ,1,0
0,1,77 ,1,32.94,16 ,1,0
1,1,70 ,1,32.988,11 ,1,0
1,1,70 ,0,33.032,17 ,1,0
1,0,65 ,1,33.032,13 ,1,0
1,0,68 ,1,33.032,15 ,1,0
0,1,64 ,0,33.08,12 ,1,0
0,0,66 ,1,33.102,10 ,1,0
1,1,66 ,0,33.12,10 ,1,0
1,1,68 ,0,33.12,9 ,1,0
0,0,58 ,0,33.134,15 ,0,0
0,1,65 ,0,33.14,14 ,1,0
1,1,67 ,1,33.148,12 ,1,0
0,1,67 ,1,33.148,11 ,1,0
0,1,69 ,1,33.186,10 ,1,0
1,1,67 ,1,33.2,17 ,1,0
0,1,68 ,1,33.2,15 ,1,0
0,1,68 ,1,33.204,12 ,1,0
0,1,68 ,1,33.204,12 ,1,0
1,1,67 ,1,33.208,12 ,1,0
0,1,73 ,1,33.212,13 ,1,1
1,1,69 ,1,33.26,14 ,1,0
0,1,62 ,1,33.288,18 ,1,0
1,1,67 ,1,33.288,17 ,1,0
0,0,66 ,1,33.386,13 ,1,0
0,0,67 ,1,33.396,13 ,1,0
0,1,70 ,1,33.396,14 ,1,1
1,1,70 ,0,33.406,17 ,0,0
1,1,68 ,1,33.458,16 ,0,0
0,0,68 ,0,33.48,13 ,1,0
0,1,69 ,1,33.48,10 ,1,0
0,0,66 ,0,33.556,12 ,1,0
1,0,65 ,1,33.556,16 ,0,0
1,1,67 ,1,33.612,18 ,0,0
0,1,78 ,1,33.691,14 ,1,0
0,0,69 ,1,33.73,12 ,1,0
0,1,72 ,1,33.73,14 ,1,0
0,0,58 ,1,33.74,15 ,0,0
1,1,66 ,0,33.76,16 ,1,0
0,0,67 ,1,33.79,13 ,1,0
1,1,74 ,1,33.79,13 ,1,0
1,0,65 ,0,33.792,13 ,1,0
0,0,77 ,1,33.8,9 ,1,0
0,1,67 ,1,33.852,15 ,1,0
0,1,71 ,1,33.852,17 ,1,0
0,0,68 ,1,33.876,14 ,1,0
0,0,74 ,1,33.876,13 ,1,0
0,1,67 ,0,33.96,11 ,0,0
0,0,67 ,1,33.976,12 ,1,0
0,0,69 ,1,33.976,12 ,1,0
0,1,66 ,1,33.98,15 ,1,0
1,0,66 ,0,33.98,14 ,1,0
0,1,72 ,1,33.985,12 ,1,0
0,1,69 ,0,33.985,10 ,1,0
0,1,68 ,1,33.996,17 ,1,0
1,1,73 ,1,34,12 ,1,0
1,0,69 ,1,34.00057,13 ,1,0
1,0,68 ,1,34.008,12 ,1,1
1,1,70 ,1,34.02,11 ,1,0
1,1,67 ,1,34.02,11 ,1,0
1,1,66 ,1,34.05,17 ,0,0
1,1,65 ,0,34.12,12 ,1,0
1,1,66 ,1,34.2,13 ,1,0
0,0,65 ,1,34.264,16 ,1,0
1,1,67 ,1,34.292,13 ,1,0
1,1,67 ,1,34.292,14 ,1,0
1,0,66 ,1,34.3,13 ,0,0
0,1,66 ,1,34.312,16 ,1,0
0,1,73 ,0,34.312,12 ,1,0
1,1,73 ,1,34.35,13 ,1,0
0,0,61 ,1,34.382,12 ,1,0
0,1,69 ,0,34.392,11 ,1,0
0,0,69 ,1,34.438,13 ,1,0
0,0,67 ,1,34.438,13 ,1,0
1,1,73 ,1,34.452,18 ,1,0
0,0,75 ,1,34.492,16 ,1,0
1,0,72 ,1,34.56,14 ,1,0
0,1,70 ,1,34.644,12 ,1,0
0,0,67 ,0,34.644,10 ,1,0
0,1,68 ,0,34.7,14 ,1,0
0,1,70 ,0,34.7,13 ,1,0
0,1,67 ,1,34.726,16 ,0,0
1,0,68 ,1,34.748,11 ,1,0
1,0,66 ,1,34.756,11 ,1,0
0,1,66 ,1,34.8,11 ,1,0
0,1,74 ,0,34.8,10 ,1,0
0,1,67 ,1,34.8,14 ,1,0
0,1,65 ,1,34.8,10 ,1,0
0,0,68 ,1,34.8,14 ,1,0
1,1,68 ,1,34.804,12 ,1,0
1,0,72 ,0,34.804,12 ,1,0
1,1,75 ,1,34.85,18 ,1,0
1,1,68 ,1,34.872,13 ,1,0
1,1,66 ,1,34.872,12 ,1,0
1,1,67 ,1,34.876,12 ,1,0
1,1,65 ,1,34.876,15 ,1,0
0,1,68 ,1,34.87873,17 ,1,0
1,1,66 ,1,34.883,9 ,1,0
1,0,61 ,0,34.883,12 ,1,0
1,1,65 ,1,34.896,12 ,1,1
1,0,62 ,0,35,13 ,1,0
0,0,69 ,1,35.004,10 ,1,0
0,0,65 ,1,35.019,13 ,1,0
1,1,67 ,1,35.022,12 ,1,0
1,1,66 ,1,35.022,12 ,1,0
1,1,66 ,1,35.024,13 ,0,0
0,0,60 ,0,35.0327,10 ,1,0
1,1,65 ,0,35.052,13 ,1,0
1,0,65 ,1,35.052,13 ,1,0
0,1,68 ,1,35.068,13 ,1,0
0,1,67 ,0,35.168,13 ,1,0
0,1,69 ,1,35.168,9 ,1,0
0,0,62 ,1,35.192,8 ,1,0
0,1,69 ,1,35.316,12 ,1,0
0,1,70 ,0,35.316,12 ,1,0
0,0,69 ,0,35.328,5 ,1,0
0,1,79 ,0,35.328,9 ,1,0
0,0,69 ,1,35.34,17 ,0,0
0,1,66 ,1,35.4,15 ,0,0
0,1,61 ,1,35.412,17 ,1,0
0,1,67 ,1,35.6,10 ,1,0
0,1,75 ,1,35.6,11 ,1,0
1,0,66 ,1,35.62,12 ,1,0
1,0,60 ,1,35.64,17 ,1,0
1,0,66 ,1,35.672,13 ,0,0
0,0,61 ,1,35.732,12 ,1,0
0,1,69 ,0,35.748,11 ,1,0
0,1,68 ,1,35.748,13 ,1,0
0,1,65 ,0,35.776,13 ,1,0
0,1,69 ,1,35.799,17 ,1,0
1,1,65 ,1,35.799,12 ,1,0
0,1,72 ,1,35.82,9 ,1,0
1,1,70 ,1,35.82,13 ,1,0
1,1,66 ,1,35.853,13 ,1,0
1,1,68 ,1,35.853,12 ,1,0
1,0,68 ,1,35.864,13 ,0,0
1,0,65 ,1,35.872,17 ,0,0
0,1,70 ,1,35.87998,9 ,0,0
1,0,67 ,1,35.9,13 ,1,0
0,1,67 ,0,35.94,14 ,1,0
0,1,70 ,1,35.948,17 ,1,0
0,1,66 ,1,35.948,18 ,1,0
0,1,66 ,1,36,11 ,1,0
0,1,72 ,1,36,11 ,1,0
0,1,65 ,1,36,11 ,0,0
1,1,70 ,1,36,14 ,1,0
1,1,68 ,1,36,12 ,1,0
0,1,67 ,1,36.008,12 ,0,0
0,1,66 ,1,36.019,12 ,1,0
1,1,68 ,1,36.035,9 ,1,0
1,1,66 ,1,36.04,18 ,1,0
1,1,71 ,1,36.044,14 ,1,0
1,1,68 ,1,36.044,15 ,1,0
0,1,73 ,1,36.06,9 ,1,1
0,0,68 ,1,36.06574,12 ,1,0
1,1,66 ,0,36.168,8 ,1,0
1,0,65 ,0,36.192,12 ,1,0
0,1,69 ,1,36.216,17 ,0,0
1,1,69 ,1,36.224,13 ,1,0
1,1,64 ,0,36.24,13 ,1,0
1,1,66 ,1,36.264,12 ,1,0
1,0,64 ,1,36.28,11 ,1,0
1,1,64 ,1,36.3,13 ,1,0
0,0,59 ,0,36.3,13 ,1,0
1,1,70 ,1,36.3,16 ,1,0
0,0,66 ,1,36.333,12 ,1,0
1,1,69 ,0,36.333,12 ,1,0
1,1,64 ,0,36.336,5 ,1,0
1,0,69 ,0,36.408,12 ,1,0
1,1,71 ,1,36.408,14 ,1,0
0,1,69 ,1,36.46,13 ,1,0
1,1,74 ,0,36.46,14 ,1,0
0,0,70 ,1,36.5,13 ,1,1
0,1,68 ,0,36.5,12 ,1,1
1,0,68 ,1,36.564,13 ,1,0
0,0,65 ,0,36.564,14 ,0,0
1,1,71 ,1,36.564,8 ,1,0
0,1,77 ,1,36.66,12 ,1,1
0,1,66 ,1,36.66,12 ,1,1
1,1,71 ,1,36.668,16 ,1,0
0,1,67 ,0,36.684,13 ,1,0
1,1,69 ,1,36.684,17 ,1,0
1,1,71 ,1,36.8,11 ,1,0
1,0,67 ,1,36.83621,13 ,1,0
1,1,68 ,1,36.83621,13 ,1,0
0,1,69 ,1,36.879,17 ,1,0
0,1,66 ,1,36.884,13 ,0,0
0,0,70 ,1,37.023,13 ,1,0
0,1,68 ,1,37.023,14 ,1,0
0,0,66 ,1,37.056,13 ,1,0
0,1,73 ,1,37.056,12 ,1,0
0,1,68 ,1,37.06,14 ,1,0
0,0,67 ,1,37.112,12 ,0,0
0,0,66 ,1,37.272,13 ,1,0
0,0,64 ,0,37.272,7 ,1,0
1,1,69 ,1,37.296,18 ,1,0
0,1,70 ,1,37.296,15 ,1,0
0,1,65 ,1,37.312,16 ,0,0
0,0,68 ,0,37.316,15 ,0,0
1,1,60 ,1,37.35,12 ,1,0
0,1,70 ,1,37.4,7 ,1,1
0,1,65 ,1,37.44,18 ,0,0
1,1,70 ,1,37.448,12 ,1,0
1,0,66 ,0,37.448,9 ,1,0
1,1,67 ,1,37.464,16 ,1,0
0,1,65 ,0,37.464,8 ,1,0
0,1,73 ,1,37.464,9 ,1,0
0,1,76 ,1,37.464,8 ,1,0
1,0,69 ,1,37.524,10 ,1,0
1,1,69 ,1,37.564,15 ,0,0
0,1,74 ,1,37.58,13 ,1,0
1,1,68 ,1,37.648,13 ,1,0
0,0,66 ,1,37.648,13 ,1,0
1,1,74 ,1,37.703,14 ,1,0
1,1,66 ,0,37.72,15 ,1,0
1,0,59 ,0,37.73,13 ,1,0
1,1,68 ,1,37.76,18 ,1,0
0,1,70 ,1,37.82,9 ,0,0
0,0,59 ,0,37.85426,12 ,1,0
1,0,66 ,1,37.86557,13 ,1,0
1,1,68 ,1,37.86557,8 ,1,0
0,1,61 ,0,37.88,15 ,1,0
0,0,67 ,1,38.028,12 ,1,0
0,1,67 ,0,38.032,12 ,1,0
1,1,61 ,1,38.08,12 ,1,0
0,1,70 ,1,38.144,13 ,1,0
0,1,68 ,0,38.144,12 ,1,0
1,1,68 ,1,38.156,12 ,1,0
1,1,66 ,1,38.18,16 ,1,0
0,0,65 ,1,38.18,13 ,1,1
0,1,77 ,1,38.18,7 ,1,1
1,1,67 ,1,38.2,17 ,1,0
1,1,67 ,0,38.299,15 ,1,0
1,1,69 ,1,38.396,13 ,1,0
1,1,68 ,1,38.396,15 ,1,0
0,0,58 ,1,38.44,12 ,1,0
1,1,72 ,1,38.5,17 ,1,0
1,0,67 ,0,38.5,16 ,1,0
0,1,73 ,1,38.5,17 ,1,0
1,1,67 ,0,38.5,12 ,1,0
0,0,67 ,1,38.5,17 ,1,0
0,1,67 ,1,38.508,16 ,1,0
0,0,71 ,1,38.55,13 ,1,0
1,1,81 ,0,38.55453,12 ,1,0
1,1,69 ,1,38.55453,11 ,1,0
1,1,65 ,1,38.6,14 ,0,0
1,1,69 ,1,38.676,17 ,0,0
1,0,61 ,1,38.688,12 ,1,0
0,1,67 ,1,38.71505,12 ,1,0
0,1,74 ,1,38.71505,12 ,1,0
0,1,71 ,0,38.76,10 ,1,0
1,1,67 ,1,38.8,15 ,0,0
1,1,63 ,1,38.872,8 ,1,0
1,0,65 ,1,38.884,14 ,0,0
1,1,71 ,1,38.912,12 ,1,0
1,0,74 ,1,38.94,13 ,1,0
1,1,79 ,1,39,5 ,1,0
0,1,68 ,1,39.016,7 ,1,0
0,1,68 ,1,39.024,12 ,1,0
0,1,69 ,1,39.024,12 ,1,0
1,1,67 ,1,39.032,18 ,1,0
0,0,67 ,1,39.03539,9 ,1,0
1,1,66 ,1,39.1,17 ,0,0
1,1,69 ,1,39.144,12 ,1,0
1,1,67 ,1,39.144,12 ,1,0
1,1,75 ,1,39.196,17 ,1,0
0,1,67 ,1,39.196,15 ,1,0
1,1,68 ,1,39.24,13 ,1,0
1,1,71 ,1,39.24,12 ,1,0
1,1,77 ,1,39.32,12 ,1,0
1,1,66 ,0,39.32,17 ,1,0
0,1,66 ,1,39.34,10 ,1,0
1,0,64 ,0,39.344,13 ,0,0
0,1,68 ,1,39.412,7 ,0,0
0,1,71 ,1,39.424,13 ,1,0
0,1,67 ,1,39.424,10 ,1,0
1,0,65 ,1,39.44,14 ,1,0
1,1,65 ,1,39.44,12 ,1,0
0,1,67 ,1,39.468,12 ,1,0
0,1,65 ,1,39.472,12 ,1,0
1,1,71 ,1,39.492,13 ,1,0
1,1,67 ,1,39.5,13 ,1,0
1,1,68 ,1,39.528,9 ,1,0
0,1,72 ,1,39.588,13 ,1,0
0,1,68 ,1,39.588,12 ,1,0
0,0,65 ,1,39.6,13 ,1,0
0,0,72 ,1,39.6,15 ,1,0
1,1,76 ,1,39.68,17 ,1,0
1,1,67 ,1,39.688,13 ,1,0
0,1,65 ,1,39.7,13 ,1,0
0,1,68 ,1,39.728,14 ,1,1
0,1,69 ,1,39.73246,12 ,1,0
1,0,68 ,1,39.76,17 ,1,0
1,1,69 ,1,39.76,17 ,1,0
0,0,66 ,0,39.8,5 ,1,0
0,1,66 ,1,39.8,12 ,1,0
0,1,72 ,1,39.84,12 ,0,0
0,1,70 ,1,39.924,12 ,1,0
0,0,68 ,1,39.924,17 ,1,0
1,1,67 ,1,39.944,15 ,0,0
0,1,70 ,1,39.96,17 ,0,0
0,0,73 ,1,39.96,16 ,1,0
0,1,69 ,1,39.96,13 ,1,0
0,1,67 ,1,40,11 ,0,0
0,0,65 ,1,40,12 ,1,0
1,1,67 ,1,40.016,13 ,1,0
0,1,67 ,1,40.02,13 ,1,0
0,0,64 ,0,40.1,13 ,1,0
1,1,74 ,1,40.128,13 ,1,0
1,1,70 ,1,40.128,13 ,1,0
1,1,67 ,0,40.204,13 ,1,0
1,0,67 ,0,40.3,9 ,1,0
0,0,60 ,1,40.35434,12 ,1,0
1,1,71 ,1,40.416,13 ,1,0
1,1,68 ,1,40.416,13 ,1,0
1,1,68 ,0,40.427,13 ,1,0
1,1,71 ,0,40.427,18 ,1,0
0,1,65 ,1,40.434,12 ,1,0
0,0,68 ,1,40.434,13 ,1,0
0,1,68 ,1,40.44887,13 ,1,1
1,1,68 ,1,40.48,15 ,1,0
1,1,67 ,1,40.48,13 ,1,0
1,0,67 ,0,40.48,16 ,1,0
1,1,76 ,1,40.496,13 ,1,0
0,1,66 ,1,40.56,18 ,1,0
0,1,72 ,0,40.56,17 ,1,0
0,0,72 ,1,40.6,12 ,1,0
0,1,70 ,1,40.6,13 ,1,0
0,1,76 ,1,40.624,11 ,1,0
0,0,67 ,1,40.624,12 ,1,0
0,1,70 ,1,40.624,12 ,1,0
1,1,66 ,1,40.656,15 ,1,0
1,1,70 ,1,40.656,13 ,1,0
1,1,71 ,1,40.704,8 ,1,1
0,1,70 ,1,40.704,15 ,1,0
0,1,65 ,1,40.705,13 ,1,0
0,0,65 ,1,40.78,13 ,0,0
1,1,69 ,1,40.8,18 ,1,0
0,1,68 ,1,40.8,18 ,1,0
1,0,61 ,0,40.82,13 ,1,0
0,0,66 ,0,40.824,9 ,1,0
0,1,66 ,0,40.845,15 ,0,0
0,1,67 ,1,40.894,13 ,0,0
0,1,69 ,1,40.946,12 ,1,0
1,1,66 ,1,40.956,9 ,1,0
1,1,68 ,0,40.956,13 ,1,0
1,1,68 ,1,41,18 ,0,0
1,1,66 ,1,41.016,13 ,1,0
1,1,67 ,1,41.02,13 ,1,0
1,1,67 ,1,41.028,10 ,1,1
1,0,70 ,1,41.06,11 ,1,0
1,1,73 ,0,41.06,12 ,1,0
1,1,74 ,1,41.12595,10 ,1,0
0,1,70 ,1,41.392,12 ,1,0
0,1,68 ,1,41.392,11 ,1,0
0,0,71 ,1,41.396,11 ,1,0
1,1,66 ,1,41.396,13 ,1,0
1,0,67 ,1,41.4,10 ,1,0
1,1,70 ,0,41.4,14 ,0,0
1,1,67 ,0,41.4,13 ,1,0
1,1,73 ,1,41.4,13 ,1,0
0,1,72 ,0,41.5,12 ,1,0
0,1,68 ,1,41.5,13 ,1,0
0,1,66 ,1,41.508,12 ,1,0
1,1,60 ,0,41.52,15 ,1,0
1,0,70 ,1,41.52,17 ,1,0
1,1,66 ,0,41.592,8 ,1,0
1,1,65 ,0,41.6,13 ,1,0
1,1,66 ,1,41.6,13 ,1,0
1,1,69 ,1,41.6,16 ,1,0
0,1,65 ,0,41.64,14 ,1,0
1,1,69 ,0,41.668,12 ,1,0
0,0,72 ,1,41.672,13 ,1,0
0,1,67 ,1,41.672,14 ,1,0
0,1,67 ,1,41.7,16 ,0,0
1,0,70 ,1,41.748,16 ,1,0
1,0,66 ,1,41.748,12 ,1,0
1,1,67 ,0,41.752,9 ,1,0
1,0,63 ,0,41.752,11 ,1,0
0,1,66 ,1,41.84,16 ,0,0
1,1,69 ,1,41.9,18 ,0,0
1,1,68 ,1,41.95194,16 ,1,0
1,1,67 ,1,42,18 ,0,0
1,1,71 ,1,42.032,12 ,1,0
1,0,65 ,1,42.098,14 ,1,0
0,0,68 ,0,42.2,12 ,1,0
1,1,63 ,0,42.2,16 ,1,0
0,0,61 ,0,42.2,15 ,1,0
1,0,65 ,1,42.2,12 ,1,0
0,1,68 ,1,42.204,12 ,1,1
0,0,69 ,1,42.232,12 ,1,0
0,1,69 ,1,42.232,13 ,1,0
1,0,60 ,0,42.234,13 ,1,0
0,1,66 ,1,42.24,14 ,1,0
1,0,67 ,1,42.288,13 ,1,0
1,1,65 ,1,42.295,13 ,1,0
1,0,60 ,0,42.297,13 ,1,0
1,0,66 ,1,42.3,12 ,0,0
0,0,68 ,1,42.356,15 ,1,0
0,0,73 ,1,42.356,18 ,1,0
0,1,83 ,0,42.564,9 ,1,0
1,1,71 ,1,42.58,12 ,1,0
0,1,72 ,0,42.701,13 ,1,0
0,0,69 ,0,42.701,10 ,1,0
1,1,68 ,0,42.702,12 ,1,0
0,1,68 ,1,42.708,12 ,1,0
0,1,76 ,0,42.71398,8 ,1,0
0,1,66 ,1,42.71398,15 ,1,0
0,1,73 ,0,42.728,12 ,1,0
0,0,67 ,1,42.728,9 ,1,0
0,1,65 ,1,42.758,17 ,1,0
1,0,67 ,1,42.808,10 ,1,0
1,1,68 ,1,42.828,16 ,1,0
0,1,67 ,1,42.857,12 ,1,0
1,1,65 ,1,42.896,18 ,0,0
1,1,66 ,1,42.91094,12 ,0,0
1,0,66 ,1,42.984,13 ,1,0
1,1,70 ,1,42.984,12 ,1,0
1,0,66 ,1,43,18 ,0,0
0,1,70 ,1,43.108,14 ,1,0
1,0,73 ,1,43.136,17 ,1,0
1,0,65 ,1,43.136,9 ,1,0
0,1,76 ,1,43.18771,16 ,1,0
1,1,69 ,1,43.192,16 ,1,0
1,1,73 ,1,43.192,17 ,1,0
0,1,68 ,1,43.2,16 ,1,0
0,0,69 ,1,43.2,13 ,1,0
0,0,69 ,1,43.2,13 ,0,0
1,1,66 ,1,43.274,13 ,1,0
1,0,68 ,1,43.294,17 ,0,0
1,1,65 ,1,43.296,14 ,1,0
0,1,65 ,1,43.308,17 ,0,0
0,1,66 ,1,43.332,12 ,1,0
0,1,66 ,1,43.332,12 ,1,0
1,1,66 ,1,43.404,13 ,1,0
1,1,72 ,1,43.404,13 ,1,0
0,1,72 ,1,43.46,14 ,1,0
0,1,65 ,1,43.46,13 ,1,0
1,1,66 ,0,43.467,8 ,1,1
1,0,65 ,1,43.54,12 ,0,0
1,0,68 ,1,43.56,12 ,0,0
1,0,65 ,1,43.584,17 ,0,0
0,0,67 ,1,43.6,13 ,1,0
0,0,61 ,0,43.728,17 ,1,0
1,1,69 ,1,43.898,17 ,1,0
1,1,69 ,1,43.898,13 ,1,0
1,1,65 ,1,43.944,11 ,1,0
1,1,66 ,1,43.984,15 ,1,0
1,0,67 ,0,43.984,13 ,1,0
0,1,69 ,0,44.004,12 ,1,0
1,0,72 ,1,44.004,12 ,1,0
1,1,70 ,1,44.104,12 ,1,0
1,1,69 ,1,44.212,12 ,1,0
1,1,69 ,0,44.28,14 ,1,0
1,1,71 ,1,44.28,14 ,1,0
1,1,76 ,0,44.284,5 ,1,0
0,1,70 ,0,44.296,16 ,1,0
0,1,74 ,0,44.296,13 ,1,0
1,1,74 ,1,44.304,17 ,1,0
1,1,67 ,1,44.304,16 ,1,0
0,1,69 ,1,44.32,16 ,0,0
0,1,69 ,0,44.52684,14 ,1,0
0,0,67 ,1,44.52684,12 ,1,0
1,1,70 ,0,44.58373,10 ,1,0
1,0,72 ,1,44.58373,13 ,1,0
0,0,65 ,1,44.612,12 ,1,0
0,0,69 ,1,44.62,16 ,1,0
0,0,65 ,0,44.62,14 ,1,0
1,1,66 ,1,44.668,12 ,0,0
1,1,78 ,1,44.8,17 ,1,0
1,0,69 ,0,44.8,9 ,1,0
1,0,69 ,1,44.8,15 ,1,0
0,0,59 ,0,44.888,7 ,1,0
0,0,66 ,1,44.9,13 ,1,0
1,0,66 ,1,44.916,12 ,1,0
1,1,67 ,1,44.916,15 ,1,0
1,1,68 ,1,44.93,17 ,0,0
0,0,65 ,1,44.94,14 ,0,0
1,1,66 ,1,44.98,13 ,1,0
1,0,68 ,1,45,13 ,1,1
0,0,68 ,1,45,14 ,1,0
1,1,83 ,1,45.04,18 ,1,0
1,1,69 ,1,45.04,17 ,1,0
1,1,71 ,1,45.05,12 ,1,0
1,0,68 ,0,45.064,12 ,1,0
1,0,66 ,1,45.064,12 ,1,0
0,0,67 ,0,45.076,8 ,1,0
0,1,69 ,1,45.08484,14 ,1,0
0,1,67 ,1,45.08484,14 ,1,0
1,1,70 ,1,45.12,13 ,1,0
1,1,67 ,1,45.12,13 ,1,0
0,1,71 ,1,45.124,8 ,1,0
0,0,67 ,1,45.124,9 ,1,0
0,1,65 ,1,45.209,12 ,1,0
0,1,71 ,1,45.209,16 ,1,0
0,0,67 ,1,45.28,12 ,1,0
0,1,67 ,0,45.28,9 ,1,0
1,1,67 ,0,45.3,8 ,1,0
1,1,69 ,1,45.3,17 ,1,0
1,0,68 ,1,45.3,13 ,1,0
0,1,79 ,1,45.38,17 ,0,0
0,1,71 ,0,45.44,10 ,1,0
0,0,69 ,1,45.448,9 ,1,0
0,1,69 ,0,45.504,13 ,1,0
0,0,68 ,1,45.572,15 ,1,0
1,0,70 ,1,45.586,13 ,1,0
1,0,66 ,1,45.586,14 ,1,0
1,0,69 ,1,45.6,17 ,1,0
1,1,67 ,1,45.6,13 ,1,0
1,0,70 ,1,45.6,15 ,1,0
0,1,69 ,1,45.6349,10 ,1,0
0,0,70 ,1,45.6349,13 ,1,0
0,1,66 ,1,45.64,14 ,0,0
0,0,68 ,1,45.644,13 ,0,0
0,1,65 ,1,45.724,16 ,1,0
1,0,64 ,0,45.745,8 ,1,0
1,1,73 ,1,45.8,12 ,1,0
0,1,67 ,1,45.88,15 ,1,0
1,1,81 ,1,45.88,12 ,1,0
1,1,66 ,1,45.9,16 ,1,0
0,1,69 ,1,45.96,16 ,0,0
0,0,69 ,1,46.012,13 ,1,0
0,1,71 ,1,46.012,13 ,1,0
1,1,67 ,1,46.032,14 ,0,0
0,1,70 ,1,46.23954,17 ,1,0
0,1,75 ,1,46.23954,15 ,1,0
1,1,70 ,1,46.28069,17 ,1,0
1,0,66 ,1,46.28069,12 ,1,0
0,1,65 ,1,46.36,14 ,1,0
0,1,65 ,0,46.36,14 ,1,0
1,0,66 ,1,46.392,12 ,0,0
1,1,67 ,1,46.4,12 ,1,0
1,1,70 ,1,46.416,15 ,1,0
1,1,69 ,1,46.5,18 ,1,0
0,1,66 ,1,46.508,9 ,0,0
0,1,63 ,0,46.52,13 ,1,0
1,1,69 ,1,46.584,13 ,1,0
1,1,65 ,1,46.584,12 ,1,0
0,1,66 ,1,46.62,15 ,1,0
0,1,74 ,1,46.62,13 ,1,0
1,1,68 ,0,46.7,16 ,1,0
1,1,67 ,1,46.7,17 ,1,0
0,1,68 ,1,46.776,10 ,1,0
1,1,67 ,1,46.82,13 ,1,0
1,1,71 ,1,46.82,6 ,1,0
1,0,67 ,1,46.836,13 ,1,0
1,0,70 ,1,46.88,13 ,1,0
1,1,66 ,1,46.992,12 ,1,0
0,1,65 ,1,47,6 ,1,0
0,1,70 ,1,47.036,13 ,1,0
0,0,69 ,1,47.036,13 ,1,0
1,1,70 ,1,47.2,16 ,1,0
1,1,70 ,1,47.2,17 ,1,0
0,0,68 ,1,47.3,14 ,1,1
1,1,66 ,1,47.3,12 ,1,0
1,1,72 ,1,47.324,18 ,1,0
1,1,67 ,1,47.324,16 ,1,0
1,1,66 ,1,47.36,8 ,1,0
1,1,67 ,1,47.4,10 ,1,0
1,1,75 ,1,47.4,16 ,1,0
0,1,69 ,1,47.416,9 ,1,0
0,0,67 ,1,47.416,12 ,1,0
1,1,68 ,0,47.452,13 ,1,0
1,0,67 ,0,47.468,10 ,1,0
0,0,68 ,1,47.544,17 ,1,0
0,1,68 ,1,47.544,16 ,1,0
0,1,66 ,1,47.548,12 ,1,0
1,0,68 ,1,47.548,13 ,1,0
1,1,61 ,1,47.6,13 ,1,0
1,1,65 ,1,47.676,12 ,1,0
0,1,69 ,1,47.7,18 ,1,0
0,1,73 ,1,47.7,15 ,1,0
0,1,74 ,1,47.7,12 ,1,0
1,1,66 ,1,47.7,17 ,1,0
0,0,58 ,0,47.812,15 ,1,0
0,1,69 ,1,47.86,14 ,1,0
0,1,68 ,1,47.86,12 ,1,0
0,1,68 ,1,48,17 ,1,0
1,1,65 ,1,48.025,15 ,1,0
1,1,70 ,1,48.025,17 ,1,0
1,1,71 ,1,48.04306,15 ,1,0
1,0,67 ,0,48.1,13 ,1,0
0,0,70 ,1,48.132,16 ,1,0
0,1,72 ,0,48.132,17 ,1,0
0,0,70 ,1,48.148,17 ,1,1
1,1,67 ,1,48.164,12 ,1,0
1,0,67 ,0,48.324,8 ,1,0
0,1,68 ,1,48.34893,13 ,0,0
1,0,70 ,1,48.36363,16 ,1,0
1,0,69 ,1,48.36363,15 ,1,0
1,0,70 ,1,48.368,14 ,1,0
1,0,77 ,0,48.368,14 ,1,0
0,1,65 ,1,48.38,17 ,1,0
1,1,62 ,0,48.5,11 ,1,0
1,1,58 ,0,48.5,18 ,1,0
0,0,66 ,1,48.648,15 ,1,0
0,1,66 ,1,48.672,12 ,1,0
0,1,65 ,1,48.72,12 ,1,0
0,1,72 ,1,48.796,13 ,0,0
0,1,69 ,0,48.8,18 ,1,0
0,1,65 ,1,48.908,17 ,0,0
0,1,66 ,1,48.976,12 ,1,0
0,0,68 ,1,48.998,17 ,1,0
1,1,67 ,1,48.998,17 ,1,0
0,1,69 ,0,49.069,12 ,1,0
0,0,66 ,1,49.08,12 ,0,0
1,1,65 ,1,49.144,14 ,1,0
1,1,66 ,1,49.144,18 ,1,0
0,1,70 ,1,49.2,13 ,1,0
1,1,66 ,1,49.2,10 ,1,0
0,1,68 ,1,49.2,14 ,1,0
0,1,68 ,1,49.3,12 ,1,0
0,1,73 ,1,49.3,14 ,1,0
1,1,72 ,1,49.37883,16 ,1,0
1,0,66 ,1,49.428,13 ,1,0
0,1,65 ,1,49.433,12 ,0,0
1,1,64 ,0,49.469,13 ,1,0
1,0,66 ,1,49.469,13 ,1,0
1,1,67 ,1,49.469,16 ,1,0
1,0,66 ,0,49.494,14 ,1,0
0,1,66 ,1,49.502,17 ,1,0
1,1,73 ,1,49.521,18 ,1,0
1,0,65 ,1,49.521,17 ,1,0
0,1,74 ,1,49.6793,16 ,1,0
1,1,70 ,1,49.692,16 ,0,0
1,0,69 ,1,49.7,17 ,1,0
1,1,66 ,1,50.03,12 ,1,0
1,0,65 ,1,50.03,12 ,1,0
0,1,67 ,1,50.04,17 ,1,0
0,1,67 ,1,50.04,14 ,1,0
0,0,68 ,1,50.052,12 ,0,0
1,1,70 ,1,50.2,8 ,1,0
1,1,69 ,1,50.2,11 ,1,1
1,1,59 ,1,50.232,13 ,0,0
1,1,67 ,1,50.243,12 ,1,0
1,1,70 ,1,50.4,13 ,1,0
1,1,66 ,1,50.4,16 ,1,0
0,1,65 ,1,50.488,17 ,1,0
0,0,68 ,1,50.6,17 ,1,0
0,0,66 ,1,50.6,17 ,1,0
1,0,68 ,0,50.69,12 ,1,0
1,0,66 ,1,50.69,13 ,1,0
1,1,67 ,1,50.868,13 ,1,0
1,1,68 ,1,50.964,13 ,1,0
0,0,66 ,1,51,16 ,0,0
1,1,66 ,0,51.014,18 ,0,0
1,1,66 ,1,51.11,10 ,1,0
1,1,65 ,1,51.196,12 ,1,0
1,1,71 ,1,51.196,13 ,1,0
1,1,69 ,1,51.23,13 ,1,0
1,1,69 ,1,51.23,12 ,1,0
1,1,69 ,1,51.24,9 ,1,0
1,0,67 ,1,51.268,10 ,1,0
1,1,73 ,1,51.268,8 ,1,0
0,0,66 ,0,51.28,14 ,1,0
1,1,68 ,1,51.284,14 ,0,0
1,1,69 ,1,51.32,17 ,1,0
1,1,68 ,1,51.32,12 ,1,0
0,0,74 ,1,51.328,12 ,1,0
0,1,70 ,1,51.384,15 ,1,0
0,1,73 ,0,51.384,16 ,1,0
1,0,67 ,1,51.4,13 ,0,0
1,0,59 ,0,51.436,11 ,1,1
1,0,60 ,1,51.476,13 ,1,0
0,1,69 ,1,51.486,13 ,1,0
1,1,66 ,1,51.486,15 ,1,0
1,1,70 ,0,51.574,12 ,1,0
1,0,70 ,1,51.65,12 ,1,0
1,1,70 ,1,51.66,12 ,1,0
0,0,65 ,1,51.768,13 ,1,0
0,0,67 ,1,51.774,12 ,0,0
1,1,67 ,1,51.915,8 ,1,0
1,0,68 ,1,51.932,15 ,1,0
1,0,66 ,1,51.932,17 ,1,0
0,1,74 ,1,51.93634,16 ,1,0
1,0,68 ,1,51.93634,14 ,1,0
0,1,68 ,1,51.99,13 ,1,0
0,0,73 ,1,51.99,12 ,1,0
0,1,66 ,1,52.0374,17 ,1,0
1,0,65 ,1,52.04,15 ,1,0
1,1,66 ,1,52.13345,17 ,1,0
0,1,68 ,1,52.16,17 ,1,0
0,0,68 ,0,52.16,13 ,1,0
0,1,66 ,1,52.296,12 ,1,0
0,0,72 ,1,52.32911,13 ,1,0
1,1,68 ,0,52.33738,14 ,1,0
1,1,65 ,0,52.33738,18 ,1,0
0,1,70 ,1,52.344,13 ,1,0
1,1,67 ,1,52.4,12 ,1,0
1,1,66 ,1,52.44024,11 ,1,0
1,1,66 ,1,52.44024,17 ,1,0
1,0,66 ,1,52.514,13 ,1,0
1,1,69 ,0,52.514,14 ,1,0
0,1,73 ,1,52.54,15 ,1,0
1,1,66 ,1,52.59406,16 ,1,0
1,1,72 ,1,52.59406,18 ,1,0
0,0,65 ,0,52.602,16 ,0,0
1,0,67 ,1,52.641,13 ,1,0
0,1,73 ,0,52.644,12 ,1,0
0,1,67 ,0,52.644,13 ,1,0
0,1,69 ,0,52.756,18 ,1,0
1,1,69 ,1,52.756,18 ,1,0
1,1,71 ,0,52.78,13 ,1,0
0,1,65 ,1,52.8,12 ,1,0
1,1,72 ,1,52.8,13 ,1,0
1,1,67 ,1,52.82,13 ,0,0
1,1,68 ,1,52.828,17 ,1,0
1,1,72 ,1,52.828,15 ,1,0
1,1,66 ,1,52.848,13 ,1,0
1,0,69 ,1,52.848,14 ,1,0
0,1,67 ,1,52.916,18 ,1,0
0,1,68 ,1,52.916,13 ,1,0
1,1,67 ,1,52.936,2 ,1,1
1,0,75 ,1,53,16 ,1,0
1,1,80 ,0,53.01,17 ,1,0
1,1,67 ,1,53.01,17 ,1,0
1,1,81 ,1,53.208,17 ,1,0
1,0,66 ,1,53.208,16 ,1,0
0,1,74 ,1,53.24,8 ,1,0
0,1,69 ,1,53.24,13 ,1,0
1,1,65 ,1,53.284,9 ,1,0
0,1,66 ,1,53.30397,13 ,1,0
1,1,69 ,1,53.42426,12 ,1,0
1,1,69 ,0,53.478,17 ,1,0
1,1,69 ,1,53.48,13 ,1,0
1,1,65 ,1,53.48,13 ,1,0
0,1,69 ,1,53.508,14 ,1,0
0,0,68 ,1,53.508,12 ,1,0
0,0,72 ,1,53.514,15 ,1,0
0,0,70 ,1,53.514,13 ,1,0
0,1,75 ,0,53.572,17 ,1,0
0,0,65 ,1,53.6,6 ,1,0
0,0,65 ,1,53.6,12 ,1,0
0,1,68 ,1,53.81,17 ,1,0
0,1,72 ,1,53.84,10 ,1,0
1,1,66 ,1,53.86,18 ,0,1
0,1,70 ,1,53.904,13 ,1,0
0,1,68 ,1,53.989,16 ,1,0
0,1,68 ,1,53.989,17 ,1,0
1,0,66 ,1,54,14 ,1,0
0,1,69 ,1,54.04,13 ,0,0
1,1,69 ,1,54.106,13 ,1,0
1,1,71 ,0,54.106,14 ,1,0
1,1,66 ,1,54.107,13 ,1,0
1,1,75 ,1,54.16,14 ,1,0
1,1,61 ,1,54.232,13 ,1,0
1,1,67 ,1,54.237,13 ,1,0
1,0,61 ,0,54.252,12 ,1,0
1,1,63 ,1,54.256,12 ,1,0
1,1,65 ,1,54.3,10 ,1,0
0,0,66 ,1,54.344,12 ,1,0
0,0,69 ,1,54.355,14 ,1,0
0,1,70 ,1,54.355,12 ,1,0
0,0,66 ,0,54.396,6 ,1,1
0,0,65 ,0,54.4,13 ,0,0
1,1,65 ,1,54.416,17 ,1,0
1,0,77 ,1,54.484,16 ,1,0
1,0,67 ,1,54.484,12 ,1,0
1,1,70 ,1,54.53,13 ,1,0
1,1,73 ,0,54.54,16 ,1,0
1,1,68 ,1,54.54,14 ,1,0
1,1,63 ,0,54.564,13 ,1,0
0,1,67 ,0,54.61339,13 ,1,0
0,0,69 ,1,54.61339,14 ,1,0
1,0,66 ,1,54.672,13 ,1,0
1,1,67 ,1,54.672,16 ,1,0
0,1,65 ,1,54.6952,8 ,1,0
1,0,64 ,0,54.72,13 ,1,0
0,1,68 ,1,54.788,13 ,1,0
0,1,67 ,1,54.788,14 ,1,0
1,1,68 ,1,54.824,15 ,0,0
0,1,69 ,1,54.88,13 ,1,0
0,1,70 ,1,54.88,12 ,1,0
1,1,69 ,1,54.92,13 ,1,0
0,1,76 ,1,54.92,17 ,1,0
0,1,65 ,1,54.92,13 ,1,0
1,0,66 ,1,54.932,12 ,1,0
0,1,66 ,1,55,17 ,1,0
0,0,67 ,1,55,17 ,1,0
0,1,68 ,0,55,17 ,1,0
1,1,66 ,1,55.024,13 ,1,0
0,1,68 ,1,55.036,16 ,1,0
0,1,65 ,1,55.202,12 ,0,0
0,1,70 ,1,55.272,16 ,1,0
0,0,68 ,1,55.272,13 ,1,0
0,0,67 ,1,55.3,17 ,1,0
1,1,68 ,1,55.3,17 ,1,0
1,1,68 ,1,55.396,18 ,1,0
0,0,68 ,1,55.396,13 ,1,0
1,1,67 ,1,55.4,17 ,1,0
1,1,66 ,1,55.4,12 ,1,0
1,0,58 ,0,55.401,12 ,1,0
0,1,67 ,1,55.42,17 ,1,0
0,0,66 ,1,55.50506,14 ,0,0
1,1,66 ,0,55.58,16 ,0,0
0,1,66 ,1,55.59863,17 ,1,0
0,0,60 ,0,55.66,14 ,1,0
1,1,67 ,1,55.668,16 ,1,0
1,0,66 ,1,55.668,13 ,1,0
1,0,71 ,1,55.784,17 ,1,0
1,0,67 ,1,55.784,13 ,1,0
1,0,69 ,1,55.928,12 ,1,0
1,1,68 ,1,55.928,12 ,1,0
1,1,68 ,1,56,18 ,1,0
1,1,67 ,1,56.056,12 ,1,0
1,0,66 ,1,56.4,13 ,1,0
1,1,69 ,1,56.48,13 ,1,0
0,1,67 ,1,56.536,13 ,1,0
0,0,65 ,1,56.612,14 ,1,0
1,1,73 ,1,56.708,18 ,0,0
0,1,71 ,1,56.74,15 ,1,0
1,0,66 ,1,56.8,13 ,1,0
1,1,66 ,0,56.8,12 ,1,0
0,0,65 ,1,56.848,14 ,1,0
1,1,69 ,1,56.848,12 ,1,0
0,1,67 ,1,56.976,12 ,1,0
0,0,52 ,0,56.976,13 ,1,0
0,1,65 ,1,56.98,13 ,1,0
0,0,64 ,0,56.98,11 ,1,0
0,1,67 ,1,56.98,13 ,1,0
1,1,67 ,1,56.98,12 ,1,0
1,0,64 ,0,56.98,11 ,1,0
1,1,61 ,1,57.15,13 ,1,0
1,1,67 ,1,57.272,12 ,1,0
1,1,67 ,1,57.336,17 ,1,0
1,1,65 ,1,57.336,14 ,1,0
0,1,68 ,1,57.34,12 ,0,0
0,1,69 ,1,57.37,14 ,1,0
0,0,60 ,0,57.45744,10 ,1,0
1,0,61 ,0,57.492,10 ,1,0
1,0,60 ,0,57.536,17 ,1,0
0,1,68 ,1,57.576,17 ,0,0
1,1,68 ,0,57.598,13 ,1,0
0,1,72 ,1,57.72,17 ,1,0
1,0,65 ,1,57.756,11 ,1,0
0,1,66 ,1,57.8,12 ,1,0
1,1,67 ,0,57.9,11 ,1,0
1,0,59 ,1,58.248,13 ,1,0
0,1,66 ,1,58.35,13 ,1,0
1,1,65 ,1,58.595,12 ,1,0
1,1,62 ,1,58.64098,17 ,1,0
0,0,69 ,1,58.68,15 ,0,0
1,1,70 ,1,58.7,16 ,1,0
1,1,69 ,1,58.7,13 ,1,0
1,0,65 ,1,58.768,14 ,1,0
0,1,65 ,1,58.768,16 ,1,0
1,1,66 ,0,58.8,17 ,1,0
1,0,69 ,1,58.8,13 ,1,0
1,0,69 ,1,58.896,12 ,1,0
1,0,67 ,1,58.896,16 ,1,0
0,1,66 ,0,59,15 ,1,0
0,1,66 ,1,59.024,12 ,1,0
0,1,68 ,1,59.024,16 ,1,0
1,1,73 ,1,59.1,11 ,1,0
1,1,72 ,1,59.14,12 ,0,0
1,1,59 ,0,59.3,13 ,1,0
1,0,65 ,1,59.308,12 ,0,1
1,1,69 ,1,59.32,4 ,1,1
1,0,66 ,1,59.61,17 ,1,0
1,1,66 ,1,59.61,17 ,1,0
1,1,68 ,1,59.616,13 ,1,0
1,1,68 ,1,59.9,8 ,1,0
1,1,66 ,1,59.9,12 ,1,0
1,1,62 ,1,60.008,11 ,1,0
1,1,69 ,1,60.1,18 ,0,0
0,1,67 ,1,60.392,14 ,0,0
0,1,66 ,1,60.404,13 ,1,0
0,1,69 ,1,60.404,13 ,1,0
0,0,66 ,1,60.408,12 ,1,0
1,1,68 ,1,60.532,12 ,1,0
1,1,67 ,1,60.597,14 ,1,0
1,1,72 ,1,60.597,18 ,1,0
1,1,62 ,1,60.6,10 ,1,0
0,1,68 ,1,60.7,18 ,1,0
1,0,69 ,1,60.704,13 ,1,1
0,1,75 ,1,60.74629,13 ,1,0
0,1,67 ,1,60.756,14 ,1,0
0,0,69 ,1,60.82,9 ,1,0
0,1,70 ,1,60.82,15 ,1,0
1,1,65 ,1,60.828,15 ,1,0
0,1,65 ,1,60.9,14 ,1,0
0,0,65 ,1,61.152,14 ,1,0
0,0,66 ,1,61.172,12 ,0,0
1,1,67 ,1,61.2,13 ,0,0
1,1,67 ,1,61.2,14 ,1,0
1,1,67 ,1,61.2,18 ,1,0
0,1,65 ,1,61.212,18 ,1,0
1,1,66 ,1,61.3,12 ,1,0
1,1,67 ,1,61.3,14 ,1,0
1,1,66 ,1,61.36,13 ,1,1
1,1,67 ,1,61.388,18 ,1,0
0,1,66 ,1,61.476,15 ,1,0
1,1,69 ,1,61.56,15 ,1,0
0,0,65 ,1,61.62,15 ,1,0
0,1,70 ,0,61.62,14 ,1,0
0,0,70 ,1,61.664,13 ,1,0
0,1,66 ,1,61.664,13 ,1,0
0,0,69 ,1,61.712,12 ,1,0
1,1,72 ,1,61.78739,13 ,1,0
1,1,67 ,1,61.78739,14 ,1,0
0,1,65 ,1,61.8,12 ,1,0
1,1,62 ,1,61.956,10 ,1,0
1,1,65 ,1,61.956,12 ,1,0
1,0,62 ,0,61.996,12 ,1,0
0,1,68 ,1,62.001,12 ,1,0
1,1,63 ,0,62.03,12 ,1,0
1,1,62 ,1,62.2,18 ,1,0
1,1,64 ,1,62.256,18 ,1,0
1,1,66 ,1,62.256,18 ,1,0
1,1,73 ,1,62.29,12 ,1,0
1,1,66 ,1,62.29,16 ,1,0
0,1,67 ,0,62.42,12 ,1,0
1,1,67 ,1,62.48,17 ,1,0
1,1,66 ,1,62.48,17 ,1,0
0,1,68 ,0,62.5,17 ,1,0
0,0,66 ,1,62.5,13 ,1,0
1,0,67 ,0,62.508,11 ,1,0
0,1,66 ,1,62.524,12 ,1,0
0,1,66 ,1,62.74,13 ,1,0
1,1,73 ,1,62.741,15 ,1,0
1,0,67 ,0,62.8,10 ,1,0
1,0,68 ,0,62.94,16 ,1,0
1,1,67 ,1,62.94,18 ,1,0
1,0,69 ,1,62.996,12 ,1,0
0,1,65 ,1,63.06,17 ,0,0
1,0,63 ,1,63.2,16 ,1,0
0,0,66 ,1,63.21,15 ,0,0
1,0,69 ,1,63.24,17 ,1,0
1,1,69 ,1,63.24,12 ,1,0
1,1,81 ,0,63.42,13 ,1,0
0,0,70 ,1,63.44,14 ,1,0
1,1,67 ,1,63.44,12 ,1,0
1,1,69 ,1,63.543,13 ,1,0
1,1,66 ,1,63.544,17 ,1,0
0,1,68 ,1,63.564,16 ,1,0
0,1,67 ,1,63.564,13 ,1,0
0,1,70 ,1,63.652,12 ,1,0
1,0,66 ,0,63.683,13 ,1,0
0,1,68 ,1,63.684,13 ,1,0
1,1,71 ,0,63.684,15 ,1,0
1,1,67 ,1,63.727,12 ,0,0
1,0,69 ,1,63.85562,16 ,1,0
1,1,73 ,1,63.85562,16 ,1,0
1,1,66 ,1,63.93633,17 ,1,0
0,1,67 ,1,64.268,13 ,1,0
1,1,68 ,1,64.328,16 ,1,0
1,1,66 ,0,64.35139,16 ,1,0
1,0,65 ,1,64.35139,17 ,1,0
0,0,72 ,1,64.36,10 ,1,0
1,1,67 ,1,64.36,13 ,1,0
1,1,65 ,1,64.488,10 ,1,0
1,1,69 ,1,64.69,12 ,1,0
1,0,67 ,1,64.69,12 ,1,0
1,1,67 ,1,64.884,17 ,1,0
1,1,66 ,1,64.88953,11 ,1,0
1,1,68 ,1,64.88953,14 ,1,0
0,1,73 ,1,64.922,18 ,1,0
1,0,70 ,1,64.922,14 ,1,0
1,0,65 ,0,65.012,16 ,1,0
0,1,63 ,1,65.05,17 ,1,0
1,1,73 ,0,65.132,10 ,1,0
1,1,72 ,1,65.316,12 ,1,0
1,1,59 ,1,65.34,11 ,1,0
1,1,65 ,1,65.412,18 ,1,0
0,1,69 ,1,65.54,17 ,1,0
0,1,71 ,1,65.62,12 ,1,0
0,0,69 ,1,65.88,15 ,1,0
1,1,72 ,1,66.02,17 ,1,0
1,1,63 ,0,66.024,10 ,1,0
0,0,67 ,1,66.04,15 ,1,0
0,0,65 ,1,66.04,12 ,1,0
1,1,70 ,1,66.0425,13 ,1,0
1,0,58 ,1,66.18,13 ,1,0
1,0,70 ,1,66.28,10 ,1,0
1,0,66 ,1,66.336,8 ,1,1
0,1,73 ,1,66.354,18 ,1,0
0,1,67 ,1,66.528,17 ,1,0
1,0,68 ,1,66.528,17 ,1,0
0,0,67 ,1,66.578,17 ,0,0
1,1,67 ,1,66.764,17 ,0,0
0,1,69 ,1,66.87733,18 ,1,0
0,1,66 ,1,66.87733,18 ,1,0
1,1,69 ,1,66.88,12 ,1,0
1,1,68 ,1,66.88,12 ,1,0
1,1,66 ,1,67.174,13 ,1,0
1,1,65 ,1,67.174,13 ,1,0
1,0,72 ,1,67.5,13 ,1,0
0,0,68 ,1,67.556,16 ,1,0
1,1,65 ,1,67.624,18 ,1,0
0,0,65 ,1,67.632,8 ,1,0
1,0,69 ,1,67.644,14 ,1,0
0,1,59 ,1,68,13 ,1,0
1,0,65 ,1,68.221,17 ,1,0
0,1,64 ,0,68.525,9 ,1,0
1,1,63 ,1,68.586,13 ,1,0
0,1,68 ,1,68.882,14 ,1,0
0,0,67 ,1,68.928,14 ,1,0
0,1,72 ,1,68.97,17 ,1,0
1,1,72 ,1,69,18 ,1,0
0,1,69 ,1,69,13 ,1,0
0,1,71 ,1,69.164,18 ,1,0
0,1,73 ,1,69.444,14 ,1,0
1,0,65 ,1,69.6,13 ,1,0
0,1,67 ,1,69.6,18 ,1,0
1,1,68 ,1,69.60242,17 ,1,0
0,0,62 ,0,69.712,9 ,1,0
1,1,65 ,1,69.828,13 ,1,0
1,1,69 ,1,69.828,12 ,1,0
0,1,68 ,1,70,13 ,1,0
0,1,71 ,1,70,13 ,1,0
1,0,67 ,1,70.192,17 ,0,1
1,1,65 ,1,70.448,14 ,1,0
1,1,72 ,1,70.448,15 ,1,0
0,1,66 ,1,70.536,16 ,1,0
0,1,69 ,1,70.604,10 ,1,0
1,0,67 ,1,70.688,17 ,1,0
1,1,67 ,1,70.76,17 ,1,0
1,1,74 ,1,70.76,17 ,1,0
0,1,68 ,1,70.968,17 ,1,0
0,0,66 ,1,71.068,13 ,1,0
0,1,68 ,1,71.068,13 ,1,0
0,1,66 ,1,71.086,16 ,1,0
0,1,67 ,1,71.086,15 ,1,0
1,1,74 ,1,71.136,16 ,1,0
1,1,68 ,1,71.136,17 ,1,0
0,1,66 ,1,71.2,17 ,1,0
0,1,67 ,1,71.2,18 ,1,0
0,1,66 ,1,71.54504,17 ,1,0
0,1,66 ,1,71.764,17 ,1,0
0,1,60 ,0,71.764,15 ,1,0
1,1,69 ,0,71.89459,16 ,0,0
1,1,68 ,1,71.94,18 ,0,0
1,0,65 ,1,72.088,11 ,1,0
0,1,68 ,1,72.12,12 ,1,0
1,1,67 ,1,72.216,13 ,1,0
1,0,68 ,1,72.216,12 ,1,0
1,0,66 ,0,72.364,16 ,1,0
0,0,67 ,1,72.388,13 ,1,0
0,1,65 ,1,72.40437,12 ,1,0
1,1,71 ,1,72.46451,18 ,1,0
1,0,67 ,1,72.46451,12 ,1,0
1,1,68 ,0,72.536,13 ,1,0
1,1,68 ,1,72.536,13 ,1,0
0,1,72 ,1,72.796,18 ,1,0
1,1,66 ,1,72.86,14 ,1,0
1,1,69 ,1,72.86,16 ,1,0
1,1,68 ,1,72.908,13 ,0,0
1,1,70 ,1,72.96,13 ,1,0
1,0,70 ,1,73.008,12 ,1,0
1,1,70 ,1,73.06091,16 ,1,0
0,1,70 ,1,73.076,12 ,1,0
1,1,67 ,1,73.206,18 ,1,0
1,1,69 ,1,73.206,18 ,1,0
0,0,66 ,1,73.356,13 ,1,0
0,1,65 ,1,73.356,12 ,1,0
1,1,67 ,1,73.42794,13 ,1,0
0,1,66 ,1,73.42794,10 ,1,0
0,0,68 ,1,73.46,13 ,1,0
0,0,66 ,1,73.46,14 ,1,0
0,1,67 ,1,73.5,12 ,1,0
0,1,68 ,1,73.50599,18 ,1,0
0,0,72 ,1,73.50599,16 ,1,0
0,0,68 ,1,73.692,13 ,1,0
1,0,67 ,1,73.972,16 ,1,0
1,0,62 ,0,73.988,13 ,1,0
1,1,70 ,1,73.988,9 ,1,0
1,1,70 ,1,74.2,12 ,1,0
1,0,70 ,1,74.25578,13 ,1,0
1,0,66 ,1,74.3,15 ,0,0
0,0,68 ,1,74.37,17 ,0,0
1,1,71 ,1,74.44,14 ,1,0
1,1,69 ,1,74.44,18 ,1,0
0,1,70 ,1,74.56,9 ,0,0
0,0,66 ,0,74.8,12 ,0,0
1,0,66 ,1,74.8,18 ,0,0
1,1,68 ,1,74.976,17 ,1,0
1,1,69 ,1,75.088,15 ,1,0
1,1,66 ,1,75.316,13 ,1,0
0,0,68 ,1,75.413,15 ,1,0
0,1,72 ,1,75.413,17 ,1,0
0,1,69 ,1,75.648,18 ,1,0
0,0,69 ,1,75.648,18 ,1,0
1,1,66 ,1,75.676,12 ,1,0
1,1,70 ,1,75.8,18 ,1,0
1,0,68 ,1,75.8,13 ,1,0
0,1,73 ,1,76.02,14 ,1,0
0,1,67 ,1,76.02,18 ,1,0
0,0,67 ,1,76.09377,13 ,1,0
0,1,67 ,1,76.09377,12 ,1,0
1,1,66 ,1,76.1,12 ,1,0
0,0,69 ,1,76.112,14 ,1,0
1,0,67 ,1,76.112,17 ,1,0
0,0,68 ,1,76.16,17 ,1,0
1,0,55 ,0,76.3,13 ,1,0
1,1,71 ,1,76.468,17 ,1,0
1,0,65 ,1,76.468,18 ,1,0
0,1,74 ,1,76.529,12 ,1,0
0,0,68 ,0,76.552,12 ,1,0
0,1,70 ,1,76.552,13 ,1,0
0,0,66 ,1,76.56,13 ,1,0
1,0,65 ,0,76.562,14 ,1,0
0,1,70 ,1,76.947,17 ,1,0
0,0,63 ,1,77.04381,17 ,1,0
0,1,68 ,1,77.086,15 ,1,0
1,1,67 ,1,77.086,15 ,1,0
1,0,65 ,1,77.104,13 ,1,0
1,1,69 ,1,77.3,10 ,1,0
0,0,68 ,1,77.532,13 ,1,0
1,1,69 ,1,77.612,17 ,1,0
0,0,65 ,1,77.85,14 ,1,0
1,0,69 ,1,77.877,13 ,1,0
0,1,69 ,1,77.877,14 ,1,0
0,1,69 ,1,78.306,15 ,1,0
1,0,65 ,1,78.4,17 ,1,0
1,1,66 ,1,78.4,17 ,1,0
0,1,68 ,0,78.49,17 ,1,0
0,1,67 ,1,78.5,17 ,1,0
0,1,69 ,1,78.564,13 ,0,0
0,0,68 ,1,78.85,12 ,0,0
1,1,65 ,1,79.175,18 ,0,0
0,1,66 ,1,79.49677,13 ,1,0
0,1,67 ,1,79.53191,8 ,1,0
1,1,62 ,0,79.53191,12 ,1,0
0,0,71 ,0,79.568,11 ,1,0
0,0,69 ,1,79.568,16 ,1,0
0,1,67 ,1,79.638,12 ,1,0
0,1,66 ,1,79.638,16 ,1,0
1,1,73 ,0,79.74,17 ,1,0
1,1,64 ,1,79.74,18 ,1,0
1,0,66 ,1,79.8,17 ,1,0
1,0,68 ,1,79.84727,13 ,0,0
0,1,72 ,0,79.884,17 ,1,0
0,1,67 ,1,79.884,17 ,1,0
1,1,63 ,0,80.228,8 ,1,0
0,0,65 ,1,80.3,18 ,1,0
0,1,69 ,1,80.312,12 ,1,0
1,1,66 ,1,80.316,17 ,0,0
1,1,69 ,1,80.4,12 ,1,0
0,0,67 ,1,80.41033,15 ,1,0
1,1,71 ,1,80.47,13 ,1,0
1,1,68 ,1,80.47,13 ,1,0
1,0,68 ,1,80.574,16 ,1,0
0,1,70 ,1,80.696,17 ,1,0
0,1,67 ,1,80.97546,13 ,0,0
0,1,69 ,0,81,14 ,1,0
1,0,65 ,1,81,13 ,1,0
1,1,67 ,1,81,17 ,1,0
0,1,66 ,1,81,18 ,1,0
0,1,66 ,1,81.10445,15 ,0,0
1,1,72 ,1,81.12505,12 ,1,0
0,0,69 ,1,81.126,16 ,1,0
1,1,66 ,0,81.126,16 ,1,0
1,0,65 ,1,81.2,12 ,1,0
1,0,70 ,1,81.2,10 ,1,0
0,1,66 ,0,81.27576,8 ,1,0
1,1,69 ,1,81.47895,16 ,1,0
1,1,69 ,1,81.92,17 ,1,0
1,0,67 ,1,81.936,15 ,1,0
1,0,68 ,0,81.936,15 ,1,0
0,1,65 ,1,82.029,12 ,1,0
1,1,71 ,1,82.22198,14 ,1,0
1,1,72 ,1,82.696,16 ,1,0
0,0,67 ,1,82.75,12 ,1,0
1,1,70 ,1,82.836,18 ,1,0
0,1,66 ,1,82.852,18 ,1,0
1,1,65 ,1,83.26,13 ,1,0
1,1,68 ,1,83.26,15 ,1,0
0,1,68 ,1,83.48,12 ,1,0
0,0,66 ,1,83.584,14 ,0,0
1,1,67 ,1,84.22,17 ,1,0
1,1,68 ,1,84.512,13 ,1,0
1,1,70 ,0,84.512,10 ,1,0
0,0,68 ,1,84.603,17 ,1,0
0,0,65 ,1,84.603,12 ,1,0
0,1,69 ,0,84.73571,17 ,1,0
0,1,69 ,1,84.73571,15 ,1,0
1,1,67 ,0,85.006,12 ,1,0
1,0,68 ,1,85.024,14 ,0,0
1,1,67 ,1,85.08,17 ,1,0
1,1,71 ,1,85.08,17 ,1,0
1,1,71 ,1,85.188,17 ,1,0
1,0,65 ,1,85.3,14 ,1,0
0,1,66 ,1,85.348,17 ,0,0
1,1,72 ,1,85.444,17 ,1,0
1,0,60 ,1,85.492,12 ,1,0
0,1,65 ,1,86.332,16 ,1,0
0,0,66 ,1,86.44,11 ,1,0
0,1,66 ,1,86.488,15 ,1,0
1,0,67 ,1,86.7,13 ,1,0
1,1,67 ,1,86.7,16 ,1,0
0,1,69 ,1,87,15 ,1,0
0,1,66 ,1,87,15 ,1,0
1,1,72 ,1,87.2,18 ,1,0
0,0,71 ,1,87.324,18 ,1,0
0,1,67 ,1,87.484,12 ,1,0
0,0,58 ,0,87.6,12 ,1,0
0,0,66 ,1,87.836,12 ,1,0
1,0,67 ,1,88.433,13 ,1,0
0,1,65 ,1,88.6,15 ,1,0
0,1,67 ,1,88.6,12 ,1,0
1,0,68 ,1,88.7345,17 ,1,0
1,0,66 ,1,88.7345,12 ,1,0
0,0,70 ,1,88.75021,13 ,0,0
1,1,66 ,1,88.861,16 ,1,0
0,1,65 ,1,88.861,15 ,1,0
0,1,67 ,1,89.23,17 ,1,0
0,1,68 ,1,89.316,12 ,1,0
0,1,68 ,1,89.316,13 ,1,0
0,1,68 ,1,89.928,17 ,1,0
0,0,67 ,1,90.06,16 ,1,0
0,1,68 ,1,90.06,16 ,1,0
0,1,70 ,1,90.46,17 ,1,0
1,1,71 ,0,90.736,15 ,1,0
1,0,69 ,1,90.736,12 ,1,0
1,1,66 ,0,90.792,12 ,1,0
1,0,65 ,0,90.792,13 ,1,0
0,1,70 ,1,91.64,17 ,1,0
1,0,67 ,1,92.28,13 ,1,0
1,1,68 ,1,92.28,13 ,1,0
1,0,67 ,1,92.4,14 ,1,0
1,0,65 ,1,92.52,14 ,1,0
1,0,60 ,0,92.6,11 ,1,0
1,1,67 ,1,92.6,14 ,1,0
0,1,70 ,1,92.936,17 ,0,0
0,0,69 ,0,93.476,7 ,1,1
0,0,72 ,1,93.476,12 ,1,1
1,0,66 ,1,93.5,17 ,1,0
0,1,71 ,1,93.8,14 ,1,0
1,1,60 ,1,94.104,17 ,1,0
0,1,69 ,1,94.105,12 ,1,0
1,1,66 ,1,94.172,17 ,0,0
1,0,67 ,1,94.48714,12 ,1,0
1,1,68 ,1,94.48714,12 ,1,0
1,1,65 ,1,94.492,14 ,1,0
1,0,69 ,1,94.64,14 ,1,0
0,1,75 ,1,94.676,18 ,1,0
0,0,67 ,1,94.676,13 ,1,0
1,0,58 ,1,94.72,12 ,1,0
1,1,71 ,1,95.044,12 ,1,0
1,0,69 ,1,95.044,18 ,1,0
0,1,59 ,1,95.5,17 ,1,0
1,1,65 ,1,95.54422,7 ,1,0
0,0,68 ,1,95.75703,16 ,1,0
1,1,68 ,1,96.00533,13 ,1,0
1,1,75 ,1,96.00533,13 ,1,0
0,1,70 ,1,96.036,13 ,1,0
0,1,69 ,1,96.23232,16 ,1,0
1,1,69 ,1,97.09712,12 ,1,0
1,1,59 ,1,97.09712,11 ,1,0
0,1,65 ,0,97.59074,6 ,1,0
0,1,67 ,0,97.59074,12 ,1,0
1,1,72 ,1,97.66,18 ,1,0
0,0,65 ,1,97.9,13 ,1,0
0,1,72 ,0,98,12 ,1,0
1,1,66 ,1,98.14,12 ,1,0
0,0,66 ,0,99.336,16 ,1,0
1,0,65 ,1,99.568,12 ,1,0
1,0,72 ,1,99.75536,11 ,0,0
0,0,68 ,1,100,15 ,1,0
1,1,70 ,1,100.004,15 ,1,0
1,1,68 ,1,100.004,18 ,1,0
1,1,67 ,1,100.025,13 ,1,0
0,1,68 ,1,100.38,16 ,1,0
1,0,66 ,1,100.632,17 ,1,0
0,0,68 ,1,100.704,13 ,0,0
0,0,65 ,1,100.784,12 ,1,0
0,1,69 ,1,100.784,14 ,1,0
1,0,69 ,1,100.8,18 ,1,0
1,0,70 ,0,100.8,17 ,1,0
0,0,66 ,0,101.008,11 ,1,0
1,1,67 ,1,101.188,12 ,1,0
1,1,70 ,1,101.188,16 ,1,0
1,1,67 ,1,101.312,17 ,0,0
0,1,66 ,1,101.56,11 ,1,0
0,0,71 ,1,102.4,13 ,1,0
1,0,68 ,0,102.409,12 ,1,0
1,0,66 ,0,102.486,12 ,1,0
0,1,72 ,0,102.486,18 ,1,0
0,1,67 ,1,102.94,13 ,1,0
0,1,83 ,1,102.94,12 ,1,0
0,1,66 ,1,103.328,12 ,1,0
1,1,74 ,1,103.41,18 ,1,0
1,1,66 ,1,103.804,18 ,1,0
1,1,68 ,1,103.856,13 ,1,0
1,1,68 ,1,103.856,10 ,1,0
1,0,67 ,1,104.054,13 ,1,0
1,1,65 ,1,104.054,14 ,1,0
1,1,65 ,1,104.172,13 ,1,0
1,1,66 ,1,104.3,15 ,1,0
1,0,69 ,1,104.496,12 ,1,0
1,1,67 ,1,104.496,13 ,1,0
1,0,65 ,1,105.886,17 ,1,0
1,1,68 ,1,106.6,16 ,1,0
1,1,67 ,1,106.6,18 ,1,0
0,1,66 ,1,107.2,17 ,1,0
0,0,70 ,1,107.2,15 ,1,0
0,1,66 ,1,107.2,16 ,1,0
0,1,69 ,1,107.2397,17 ,1,0
0,1,67 ,1,107.2397,17 ,1,0
0,1,68 ,1,107.248,17 ,1,0
1,1,69 ,1,108.128,10 ,1,0
0,0,69 ,1,108.5,18 ,1,0
0,1,67 ,1,108.5,13 ,1,0
1,0,69 ,0,108.86,16 ,1,0
1,1,68 ,1,109.2015,13 ,1,0
0,1,76 ,1,109.536,12 ,1,0
1,0,69 ,1,109.632,16 ,1,0
0,1,73 ,0,109.736,13 ,0,0
1,0,67 ,1,109.84,17 ,1,0
1,1,68 ,1,110.405,17 ,1,0
1,1,68 ,1,110.848,13 ,1,0
1,1,58 ,0,110.972,12 ,1,1
0,0,70 ,0,111,16 ,1,0
0,0,68 ,1,111,17 ,1,0
1,1,74 ,1,111.7112,10 ,1,0
1,1,69 ,1,111.967,17 ,1,0
1,1,66 ,1,112.556,17 ,1,0
1,1,72 ,0,112.556,17 ,1,0
0,0,70 ,1,112.56,8 ,1,0
0,0,66 ,1,112.56,12 ,1,0
1,0,67 ,1,112.7192,17 ,1,0
1,1,68 ,1,112.7192,18 ,1,0
0,1,61 ,1,113.0516,17 ,1,0
1,1,74 ,1,113.196,17 ,1,0
1,1,67 ,1,113.196,18 ,1,0
1,1,68 ,1,113.64,17 ,1,0
1,0,65 ,1,113.7157,12 ,1,0
0,1,66 ,1,114.2,16 ,1,0
0,0,70 ,1,115.132,13 ,1,1
1,0,66 ,1,115.426,12 ,1,0
1,1,73 ,1,115.7275,15 ,1,0
1,1,69 ,1,115.9515,18 ,1,0
1,1,71 ,0,115.9515,16 ,1,0
1,1,66 ,0,116.14,18 ,1,0
1,1,71 ,0,116.712,17 ,1,0
1,1,67 ,1,116.712,13 ,1,0
0,1,65 ,1,117.3,13 ,1,0
1,1,69 ,1,118.22,17 ,1,0
1,0,66 ,1,118.22,15 ,1,0
0,1,66 ,1,118.5287,12 ,1,0
0,1,70 ,1,118.5287,15 ,1,0
0,1,69 ,1,119.6,16 ,1,0
1,0,65 ,0,120.924,16 ,1,0
0,0,66 ,1,121.65,17 ,1,0
1,1,68 ,1,121.65,16 ,1,0
0,1,65 ,1,121.752,16 ,1,0
0,1,66 ,1,122,18 ,1,0
1,0,65 ,1,122.0736,15 ,1,0
1,0,67 ,0,122.0736,14 ,1,0
0,1,77 ,1,122.2,18 ,1,0
1,1,68 ,1,122.2,13 ,1,0
0,1,68 ,0,122.6,12 ,1,0
0,1,71 ,1,122.6,13 ,1,0
1,1,71 ,1,123.09,13 ,1,0
1,0,67 ,1,123.09,13 ,1,0
1,1,69 ,1,124.276,17 ,1,0
1,1,74 ,1,124.276,18 ,1,0
0,0,66 ,1,124.348,17 ,1,0
0,0,67 ,1,124.348,17 ,1,0
1,1,67 ,1,124.96,16 ,1,0
0,1,67 ,1,125.08,10 ,1,0
0,0,65 ,0,125.21,14 ,1,0
0,1,69 ,0,125.8607,14 ,0,0
0,1,68 ,1,126.3819,12 ,1,0
0,1,68 ,1,126.3819,17 ,1,0
0,0,68 ,1,126.7329,13 ,1,0
0,0,67 ,1,126.7329,17 ,1,0
0,1,65 ,1,126.7699,15 ,1,0
0,0,68 ,1,128.036,16 ,1,0
1,0,66 ,1,128.036,14 ,1,0
1,0,54 ,0,128.188,13 ,1,0
1,1,68 ,1,128.4133,15 ,1,0
1,1,67 ,1,128.4133,14 ,1,0
0,0,67 ,1,128.616,12 ,1,0
0,0,67 ,1,128.616,8 ,1,0
1,1,66 ,1,129.832,16 ,1,0
0,0,65 ,1,130.312,13 ,1,0
0,1,69 ,0,130.572,13 ,1,0
0,0,69 ,1,130.808,18 ,1,0
0,1,71 ,1,131.7,14 ,1,0
0,1,65 ,1,131.7,12 ,1,0
1,0,57 ,0,131.892,14 ,1,0
1,1,69 ,1,133.32,18 ,1,0
1,1,70 ,0,133.7427,12 ,1,0
0,0,68 ,0,134.2,15 ,1,0
1,0,73 ,0,134.2,14 ,1,0
1,1,67 ,1,134.5338,16 ,1,0
0,0,58 ,1,134.9,13 ,1,0
1,1,62 ,1,135.184,16 ,1,0
1,0,54 ,1,135.184,15 ,1,1
1,0,66 ,1,135.936,15 ,1,0
1,1,66 ,1,137.806,18 ,1,0
1,1,66 ,1,138.0661,17 ,1,0
1,0,62 ,0,139.12,11 ,1,0
0,1,61 ,0,139.452,17 ,1,0
0,0,67 ,1,140.496,9 ,0,0
0,0,64 ,1,141.12,11 ,1,0
1,0,65 ,1,141.7106,17 ,1,0
0,1,67 ,1,142.92,12 ,0,0
0,1,68 ,1,144.248,17 ,1,0
